tail_num,build,age
8805,2009,11
8809,2009,11
N101HQ,2007,13
N102HQ,2007,13
N103HQ,2007,13
N104HQ,2007,13
N105HQ,2007,13
N106HQ,2007,13
N107HQ,2007,13
N108HQ,2007,13
N109HQ,2007,13
N110HQ,2007,13
N111HQ,2007,13
N112HQ,2007,13
N113HQ,2007,13
N114HQ,2007,13
N115HQ,2007,13
N116HQ,2007,13
N117HQ,2007,13
N118HQ,2007,13
N119HQ,2007,13
N120HQ,2007,13
N121HQ,2007,13
N122HQ,2007,13
N123HQ,2007,13
N124HQ,2007,13
N125HQ,2007,13
N126HQ,2008,12
N127HQ,2008,12
N128HQ,2008,12
N129HQ,2008,12
N130HQ,2008,12
N131HQ,2008,12
N132HQ,2008,12
N133HQ,2008,12
N134HQ,2008,12
N135HQ,2008,12
N136HQ,2008,12
N137HQ,2008,12
N138HQ,2008,12
N201JQ,2008,12
N202JQ,2008,12
N203JQ,2008,12
N204JQ,2008,12
N205JQ,2008,12
N206JQ,2008,12
N207JQ,2008,12
N208JQ,2008,12
N209JQ,2008,12
N210JQ,2008,12
N211JQ,2008,12
N212JQ,2008,12
N213JQ,2008,12
N214JQ,2008,12
N215JQ,2009,11
N216JQ,2009,11
N233JQ,2008,12
N235JQ,2008,12
N236JQ,2008,12
N239JQ,2008,12
N240JQ,2008,12
N241JQ,2008,12
N242JQ,2008,12
N243JQ,2008,12
N244JQ,2008,12
N245JQ,2008,12
N246JQ,2008,12
N357FC,2004,16
N401YX,2013,7
N402YX,2013,7
N403YX,2013,7
N404YX,2013,7
N405YX,2013,7
N406YX,2013,7
N407YX,2013,7
N408YX,2013,7
N409YX,2013,7
N410YX,2013,7
N411YX,2013,7
N412YX,2013,7
N413YX,2013,7
N414YX,2013,7
N415YX,2013,7
N416YX,2013,7
N417YX,2013,7
N418YX,2013,7
N419YX,2013,7
N420YX,2014,6
N421YX,2014,6
N422YX,2014,6
N423YX,2014,6
N424YX,2014,6
N425YX,2014,6
N426YX,2014,6
N427YX,2014,6
N428YX,2014,6
N429YX,2014,6
N430YX,2014,6
N431YX,2014,6
N432YX,2009,11
N433YX,2014,6
N434YX,2014,6
N435YX,2014,6
N436YX,2014,6
N437YX,2014,6
N438YX,2014,6
N439YX,2014,6
N440YX,2014,6
N441YX,2014,6
N442YX,2015,5
N443YX,2015,5
N444YX,2015,5
N445YX,2015,5
N446YX,2015,5
N447YX,2015,5
N631RW,2004,16
N632RW,2004,16
N633RW,2004,16
N634RW,2004,16
N635RW,2004,16
N636RW,2004,16
N637RW,2004,16
N638RW,2004,16
N639RW,2004,16
N640RW,2004,16
N641RW,2004,16
N642RW,2004,16
N643RW,2005,15
N644RW,2004,16
N645RW,2005,15
N646RW,2005,15
N647RW,2005,15
N648RW,2005,15
N649RW,2005,15
N650RW,2005,15
N651RW,2005,15
N652RW,2005,15
N653RW,2005,15
N654RW,2005,15
N655RW,2005,15
N656RW,2005,15
N656YX,2009,11
N657RW,2005,15
N684RW,2009,11
N721YX,2015,5
N722YX,2015,5
N723YX,2015,5
N724YX,2015,5
N725YX,2015,5
N726YX,2015,5
N727YX,2015,5
N728YX,2015,5
N729YX,2015,5
N730YX,2015,5
N731YX,2015,5
N732YX,2015,5
N733YX,2016,4
N736YX,2016,4
N739YX,2016,4
N740YX,2016,4
N741YX,2017,3
N742YX,2017,3
N743YX,2017,3
N744YX,2017,3
N745YX,2017,3
N746YX,2017,3
N747YX,2017,3
N748YX,2017,3
N749YX,2009,11
N750YX,2017,3
N751YX,2017,3
N752YX,2017,3
N806MD,2004,16
N809MD,2004,16
N810MD,2004,16
N815MD,2004,16
N818MD,2009,11
N821MD,2004,16
N823MD,2005,15
N824MD,2005,15
N826MD,2005,15
N855RW,2005,15
N856RW,2005,15
N857RW,2005,15
N858RW,2005,15
N859RW,2005,15
N860RW,2005,15
N861RW,2005,15
N862RW,2005,15
N863RW,2005,15
N864RW,2006,14
N865RW,2006,14
N867RW,2006,14
N868RW,2006,14
N869RW,2006,14
N870RW,2006,14
N871RW,2006,14
N872RW,2006,14
N873RW,2006,14
N874RW,2006,14
N875RW,2007,13
N876RW,2009,11
N878RW,2007,13
N879RW,2008,12
N880AS,2002,18
N880RW,2009,11
N882RW,2008,12
N979RP,2009,11
N10156,2004,16
N11106,2002,18
N11113,2002,18
N11119,2002,18
N11121,2003,17
N11127,2002,18
N11137,2003,17
N11150,2003,17
N11155,2004,16
N12122,2003,17
N12126,2003,17
N12136,2002,18
N12142,2003,17
N12145,2003,17
N13123,2003,17
N13124,2003,17
N13132,2003,17
N14116,2002,18
N14117,2002,18
N14125,2003,17
N14153,2003,17
N16112,2002,18
N16151,2002,18
N17138,2003,17
N17146,2003,17
N18101,2002,18
N18102,2002,18
N18114,2002,18
N18120,2003,17
N21129,2003,17
N21130,2003,17
N21144,2003,17
N24128,2003,17
N31131,2003,17
N34111,2002,18
N41104,2002,18
N605KS,1998,22
N606AE,1998,22
N607AE,2002,18
N610AE,1998,22
N611AE,1998,22
N612AE,1998,22
N613AE,1998,22
N614AE,1998,22
N615AE,1998,22
N616AE,1998,22
N618AE,1998,22
N619AE,1998,22
N621AE,1998,22
N622AE,1999,21
N623AE,1999,21
N832HK,2003,17
N835HK,2003,17
N836HK,2003,17
N839HK,2004,16
N842HK,2004,16
N843HK,2004,16
N844HK,2004,16
N845HK,2002,18
N846HK,2004,16
N847HK,2004,16
N101DU,2018,2
N102DU,2004,16
N103DU,2004,16
N104DU,2004,16
N105DU,2019,1
N106DU,2019,1
N107DU,2019,1
N108DQ,2004,16
N109DU,2019,1
N110DU,2019,1
N111NG,2019,1
N112DU,2019,1
N113DQ,2019,1
N114DU,2019,1
N115DU,2019,1
N116DU,2019,1
N117DU,2019,1
N118DU,2019,1
N119DU,2019,1
N1200K,1998,22
N1201P,1998,22
N120DU,2019,1
N121DU,2019,1
N122DU,2019,1
N123DQ,2019,1
N124DU,2019,1
N125DU,2019,1
N126DU,2019,1
N127DU,2019,1
N128DU,2019,1
N1402A,2004,16
N140LL,2004,16
N152DL,1990,30
N153DL,2004,16
N154DL,1991,29
N155DL,1991,29
N156DL,1991,29
N1602,1999,21
N1603,1999,21
N1604R,1999,21
N1605,1999,21
N16065,1999,21
N1607B,2000,20
N1608,2000,20
N1609,2000,20
N1610D,2000,20
N1611B,2000,20
N1612T,2001,19
N1613B,2001,19
N169DZ,1998,22
N171DN,1990,30
N171DZ,1998,22
N172DN,1990,30
N172DZ,1998,22
N173DZ,1998,22
N174DN,1990,30
N174DZ,1998,22
N175DN,1990,30
N175DZ,1999,21
N176DN,1990,30
N176DZ,1999,21
N177DN,1991,29
N177DZ,1999,21
N178DN,1991,29
N178DZ,2000,20
N179DN,1991,29
N180DN,1992,28
N181DN,1992,28
N182DN,1992,28
N183DN,1993,27
N184DN,1993,27
N185DN,1995,25
N186DN,1995,25
N187DN,1996,24
N188DN,2004,16
N189DN,1997,23
N190DN,1997,23
N191DN,1997,23
N192DN,1997,23
N193DN,1997,23
N194DN,1997,23
N195DN,1997,23
N196DN,1997,23
N197DN,1997,23
N198DN,1998,22
N199DN,1998,22
N301DQ,2004,16
N301DV,2004,16
N301NB,2004,16
N302DN,2004,16
N302DQ,2008,12
N302NB,2004,16
N303DN,2004,16
N303DQ,2004,16
N304DN,2016,4
N304DQ,2004,16
N305DN,2016,4
N305DQ,2008,12
N306DN,2016,4
N306DQ,2009,11
N307DQ,2004,16
N307DX,2016,4
N308DE,2004,16
N308DN,2016,4
N309DE,2009,11
N309DN,2016,4
N309US,1990,30
N310DE,2009,11
N310DN,2016,4
N311DN,2016,4
N312DN,2016,4
N312US,1990,30
N313DN,2016,4
N314DN,2016,4
N314NB,2000,20
N315DN,2016,4
N315NB,2000,20
N316DN,2017,3
N316NB,2000,20
N317DN,2017,3
N317NB,2000,20
N317US,1991,29
N318DX,2017,3
N318NB,2000,20
N319DN,2017,3
N319NB,2000,20
N319US,1991,29
N320DN,2017,3
N320NB,2000,20
N320US,1991,29
N321DH,2017,3
N321NB,2001,19
N321US,1991,29
N322DN,2017,3
N322NB,2001,19
N322US,1991,29
N323DN,2017,3
N323NB,2001,19
N323US,1991,29
N324DX,2017,3
N324NB,2001,19
N324US,1991,29
N325DN,2017,3
N325NB,2001,19
N325US,1991,29
N326DN,2017,3
N326NB,2001,19
N326US,2004,16
N327DN,2017,3
N327NB,2001,19
N327NW,1992,28
N328DN,2017,3
N328NB,2001,19
N328NW,1992,28
N329DN,2017,3
N329NB,2001,19
N329NW,1992,28
N330DX,2017,3
N330NB,2001,19
N330NW,1992,28
N331DN,2017,3
N331NB,2004,16
N331NW,1992,28
N332DN,2017,3
N332NB,2001,19
N332NW,1992,28
N333DX,2017,3
N333NB,2001,19
N333NW,1992,28
N334DN,2017,3
N334NB,2002,18
N334NW,1992,28
N335DN,2018,2
N335NB,2002,18
N335NW,1992,28
N336DX,2018,2
N336NB,2002,18
N336NW,1992,28
N337DN,2018,2
N337NB,2002,18
N337NW,2004,16
N338DN,2018,2
N338NB,2002,18
N338NW,1992,28
N339DN,2018,2
N339NB,2002,18
N339NW,1992,28
N340DN,2018,2
N340NB,2002,18
N340NW,1992,28
N341DN,2004,16
N341NB,2002,18
N341NW,1992,28
N342DN,2018,2
N342NB,2002,18
N342NW,1992,28
N343DN,2018,2
N343NB,2002,18
N343NW,1992,28
N344DN,2018,2
N344NB,2002,18
N344NW,1992,28
N345DN,2018,2
N345NB,2004,16
N345NW,1993,27
N346DN,2018,2
N346NB,2002,18
N347DN,2018,2
N347NB,2002,18
N347NW,1993,27
N348DN,2018,2
N348NB,2002,18
N348NW,1993,27
N349DX,2018,2
N349NB,2002,18
N349NW,1993,27
N350DN,2018,2
N350NA,1993,27
N351DN,2018,2
N351NB,2002,18
N351NW,1997,23
N352DN,2018,2
N352NB,2002,18
N352NW,1998,22
N353DN,2018,2
N353NB,2002,18
N353NW,1998,22
N354DN,2018,2
N354NB,2002,18
N354NW,1998,22
N355DN,2018,2
N355NB,2002,18
N355NW,1998,22
N356DN,2018,2
N356NW,1998,22
N357DN,2018,2
N357NB,2002,18
N357NW,1998,22
N358DN,2018,2
N358NB,2003,17
N358NW,1998,22
N359DN,2018,2
N359NB,2003,17
N359NW,1998,22
N360DN,2018,2
N360NB,2003,17
N360NW,1998,22
N361DN,2018,2
N361NB,2003,17
N361NW,1998,22
N362DN,2018,2
N362NB,2003,17
N362NW,1998,22
N363DN,2018,2
N363NB,2003,17
N363NW,1998,22
N364DX,2018,2
N364NB,2003,17
N364NW,1999,21
N365DN,2018,2
N365NB,2003,17
N365NW,2004,16
N366DX,2019,1
N366NB,2003,17
N366NW,1999,21
N367DN,2019,1
N367NW,1999,21
N368DN,2019,1
N368NB,2003,17
N368NW,1999,21
N369DN,2019,1
N369NB,2003,17
N369NW,1999,21
N370DN,2004,16
N370NB,2003,17
N370NW,1999,21
N371DA,1998,22
N371DN,2019,1
N371NB,2003,17
N371NW,2001,19
N372DA,1998,22
N372DN,2019,1
N372NW,2001,19
N3730B,2000,20
N3731T,2000,20
N3732J,2000,20
N3733Z,2000,20
N3734B,2000,20
N3735D,2000,20
N3736C,2000,20
N3737C,2000,20
N3738B,2000,20
N3739P,2000,20
N373DA,1998,22
N373DX,2019,1
N373NW,2001,19
N3740C,2000,20
N3741S,2001,19
N3742C,2001,19
N3743H,2001,19
N3744F,2001,19
N3745B,2001,19
N3746H,2001,19
N3747D,2004,16
N3748Y,2001,19
N3749D,2001,19
N374DA,2004,16
N374DX,2019,1
N374NW,2001,19
N3750D,2001,19
N3751B,2001,19
N3752,2001,19
N3753,2001,19
N3754A,2001,19
N3755D,2001,19
N3756,2001,19
N3757D,2001,19
N3758Y,2001,19
N3759,2001,19
N375DA,1998,22
N375DN,2004,16
N375NC,2002,18
N3760C,2001,19
N3761R,2001,19
N3762Y,2001,19
N3763D,2001,19
N3764D,2001,19
N3765,2001,19
N3766,2001,19
N3767,2001,19
N3768,2002,18
N3769L,2002,18
N376DA,1999,21
N376DN,2004,16
N376NW,2002,18
N37700,2002,18
N3771K,2002,18
N3772H,2010,10
N3773D,2010,10
N377DA,1999,21
N377DE,2014,6
N377DN,2004,16
N377NW,2003,17
N378DA,1999,21
N378DN,2019,1
N378NW,2003,17
N379DA,1999,21
N379DN,2019,1
N380DA,1999,21
N380DN,2019,1
N381DN,1999,21
N381DZ,2019,1
N382DA,1999,21
N382DN,2019,1
N383DN,1999,21
N383DZ,2019,1
N384DA,1999,21
N384DN,2019,1
N385DN,1999,21
N385DZ,2019,1
N386DA,1999,21
N386DN,2019,1
N387DA,2000,20
N387DN,2019,1
N388DA,2000,20
N388DN,2019,1
N389DA,2004,16
N390DA,2000,20
N390DN,2019,1
N391DA,2000,20
N392DA,2000,20
N392DN,2019,1
N393DA,2000,20
N393DN,2019,1
N394DA,2000,20
N394DL,1995,25
N394DX,2019,1
N395DN,2000,20
N395DZ,2019,1
N396DA,2000,20
N396DN,2004,16
N397DA,2000,20
N397DN,2019,1
N398DA,2000,20
N399DA,2000,20
N402DX,2019,1
N403DX,2019,1
N404DX,2019,1
N501DN,2017,3
N503DN,2017,3
N504DN,2017,3
N505DN,2017,3
N507DN,2018,2
N509DN,2018,2
N510DN,2018,2
N512DN,2019,1
N535US,1995,25
N536US,1995,25
N537US,1996,24
N538US,1996,24
N539US,1996,24
N540US,1996,24
N541US,2004,16
N542US,1996,24
N543US,1996,24
N544US,1996,24
N545US,1996,24
N546US,1996,24
N547US,1996,24
N548US,1996,24
N549US,1996,24
N550NW,2001,19
N551NW,2001,19
N552NW,2001,19
N553NW,2001,19
N554NW,2001,19
N555NW,2002,18
N556NW,2002,18
N557NW,2002,18
N581NW,2002,18
N582NW,2002,18
N583NW,2002,18
N584NW,2002,18
N585NW,2002,18
N586NW,2002,18
N587NW,2002,18
N588NW,2003,17
N589NW,2003,17
N590NW,2003,17
N591NW,2003,17
N592NW,2003,17
N593NW,2003,17
N594NW,2003,17
N595NW,2003,17
N596NW,2003,17
N603AT,2001,19
N607AT,2000,20
N608AT,2000,20
N624AG,2004,16
N654DL,1990,30
N658DL,2004,16
N659DL,2004,16
N660DL,1990,30
N665DN,1991,29
N667DN,1991,29
N668DN,1991,29
N669DN,1991,29
N6700,1999,21
N6701,1999,21
N6702,1999,21
N6703D,2000,20
N6704Z,2000,20
N6705Y,2000,20
N6706Q,2000,20
N6707A,2000,20
N6708D,2000,20
N6709,2000,20
N670DN,1992,28
N6710E,2000,20
N6711M,2000,20
N6712B,2000,20
N6713Y,2000,20
N6714Q,2000,20
N6715C,2001,19
N6716C,2001,19
N67171,2001,19
N671DN,1992,28
N672DL,1992,28
N673DL,1992,28
N674DL,1992,28
N675DL,1992,28
N676DL,1992,28
N678DL,1992,28
N679DA,1992,28
N680DA,1992,28
N681DA,1993,27
N682DA,1993,27
N683DA,1993,27
N684DA,1993,27
N685DA,1995,25
N686DA,1995,25
N687DL,1998,22
N688DL,1998,22
N689DL,1998,22
N690DL,1998,22
N692DL,1998,22
N693DL,1998,22
N694DL,1998,22
N695DL,1998,22
N696DL,1999,21
N697DL,1999,21
N698DL,1999,21
N699DL,1999,21
N701DN,2008,12
N702DN,2008,12
N702TW,1996,24
N703DN,2009,11
N703TW,1996,24
N704DK,2009,11
N704X,1997,23
N705DN,2009,11
N705TW,1997,23
N706DN,2009,11
N706TW,1997,23
N707DN,2009,11
N707TW,1997,23
N708DN,2009,11
N709DN,2010,10
N709TW,1997,23
N710DN,2010,10
N710TW,1997,23
N711ZX,1997,23
N712TW,1997,23
N713TW,1997,23
N717JL,2002,18
N717TW,1999,21
N718TW,1999,21
N721TW,1999,21
N722TW,1999,21
N723TW,2000,20
N727TW,1999,21
N774DE,2012,8
N775DE,2013,7
N776DE,2013,7
N801DZ,2013,7
N801NW,2003,17
N802DN,2013,7
N802NW,2003,17
N803DN,2013,7
N803NW,2003,17
N804DN,2013,7
N804NW,2003,17
N805DN,2013,7
N805NW,2003,17
N806DN,2013,7
N806NW,2004,16
N807DN,2013,7
N807NW,2004,16
N808DN,2013,7
N808NW,2004,16
N809DN,2013,7
N809NW,2005,15
N810DN,2013,7
N810NW,2005,15
N811DZ,2013,7
N811NW,2005,15
N812DN,2013,7
N812NW,2006,14
N813DN,2014,6
N813NW,2004,16
N814DN,2004,16
N814NW,2006,14
N815DN,2014,6
N815NW,2007,13
N816DN,2014,6
N816NW,2007,13
N817DN,2014,6
N817NW,2007,13
N818DA,2004,16
N818NW,2007,13
N819DN,2014,6
N819DX,2004,16
N819NW,2004,16
N820DN,2014,6
N820DX,2004,16
N820NW,2007,13
N821DN,2014,6
N821DX,2004,16
N821NW,2007,13
N822DN,2014,6
N822DX,2005,15
N822NW,2004,16
N823DN,2014,6
N823DX,2005,15
N823NW,2004,16
N824DN,2014,6
N824NW,2004,16
N825DN,2014,6
N825MH,2000,20
N825NW,2015,5
N826DN,2014,6
N826MH,2000,20
N826NW,2004,16
N827DN,2014,6
N827MH,2001,19
N827NW,2004,16
N828DN,2014,6
N828MH,2000,20
N828NW,2016,4
N829DN,2014,6
N829MH,2000,20
N829NW,2016,4
N830DN,2014,6
N830MH,2000,20
N830NW,2017,3
N831DN,2014,6
N831MH,2000,20
N831NW,2004,16
N832DN,2015,5
N832MH,2000,20
N833DN,2015,5
N833MH,2000,20
N834DN,2015,5
N834MH,2000,20
N835DN,2015,5
N835MH,2000,20
N836DN,2015,5
N836MH,2000,20
N837DN,2015,5
N837MH,2000,20
N838DN,2015,5
N838MH,2001,19
N839DN,2015,5
N839MH,2001,19
N840DN,2015,5
N840MH,2001,19
N841DN,2015,5
N841MH,2001,19
N842DN,2015,5
N842MH,2001,19
N843DN,2015,5
N843MH,2002,18
N844DN,2015,5
N844MH,2004,16
N845DN,2015,5
N845MH,2002,18
N846DN,2015,5
N847DN,2015,5
N848DN,2015,5
N849DN,2015,5
N850DN,2004,16
N851DN,2016,4
N851NW,2004,16
N852DN,2016,4
N852NW,2004,16
N853DN,2016,4
N853NW,2004,16
N854DN,2016,4
N854NW,2004,16
N855DN,2004,16
N855NW,2004,16
N856DN,2004,16
N856NW,2004,16
N857DZ,2004,16
N857NW,2004,16
N858DZ,2016,4
N858NW,2006,14
N859DN,2016,4
N859NW,2006,14
N860DA,1999,21
N860DN,2016,4
N860NW,2006,14
N861DA,1999,21
N861DN,2016,4
N861NW,2006,14
N862DA,1999,21
N862DN,2016,4
N863DA,1999,21
N863DN,2016,4
N864DA,1999,21
N864DN,2016,4
N865DA,1999,21
N865DN,2016,4
N866DA,1999,21
N866DN,2016,4
N867DA,2002,18
N867DN,2016,4
N868DN,2016,4
N869DN,2016,4
N870DN,2017,3
N871DN,2004,16
N872DN,2017,3
N873DN,2017,3
N874DN,2017,3
N875DN,2017,3
N876DN,2004,16
N877DN,2017,3
N878DN,2017,3
N879DN,2017,3
N880DN,2017,3
N881DN,2017,3
N882DN,2017,3
N883DN,2017,3
N884DN,2017,3
N885DN,2017,3
N886DN,2017,3
N887DN,2017,3
N888DU,2017,3
N889DN,2017,3
N890DN,2018,2
N891AT,2004,16
N891DN,2018,2
N892AT,2004,16
N892DN,2018,2
N893AT,2004,16
N893DN,2018,2
N894AT,2004,16
N894DN,2018,2
N895AT,2004,16
N895DN,2018,2
N896AT,2005,15
N896DN,2018,2
N897DN,2018,2
N898DN,2018,2
N899AT,2005,15
N899DN,2018,2
N900DE,1992,28
N900DU,2018,2
N900PC,1997,23
N901DA,2004,16
N901DE,1992,28
N901DN,2018,2
N902DE,1992,28
N902DN,2018,2
N903DE,1992,28
N903DN,2018,2
N904DA,2004,16
N904DE,1992,28
N904DL,1987,33
N904DN,2018,2
N905DA,1995,25
N905DE,1992,28
N905DL,1987,33
N905DN,2018,2
N906AT,2001,19
N906DA,2004,16
N906DE,1992,28
N906DL,2004,16
N906DN,2018,2
N907DA,2004,16
N907DE,1992,28
N907DL,1987,33
N907DN,2018,2
N908DA,2004,16
N908DE,1992,28
N908DL,1987,33
N908DN,2004,16
N909DA,1995,25
N909DE,1992,28
N909DN,2018,2
N910AT,2001,19
N910DE,1992,28
N910DL,2004,16
N910DN,1995,25
N910DU,2018,2
N911DA,1995,25
N911DE,1992,28
N911DL,1987,33
N911DQ,2018,2
N912DE,1992,28
N912DL,1987,33
N912DN,1996,24
N912DU,2018,2
N913DE,1993,27
N913DL,1988,32
N913DN,1996,24
N913DU,2018,2
N914DL,2004,16
N914DN,1996,24
N914DU,2019,1
N915AT,2001,19
N915DE,1993,27
N915DL,2004,16
N915DN,1996,24
N915DU,2019,1
N916DE,1993,27
N916DL,1988,32
N916DN,1996,24
N916DU,2019,1
N917DL,1988,32
N917DN,1996,24
N917DU,2019,1
N918DE,1993,27
N918DH,1996,24
N918DL,2004,16
N918DU,2019,1
N919AT,2001,19
N919DE,2004,16
N919DL,2004,16
N919DN,1997,23
N919DU,2019,1
N920AT,2000,20
N920DE,1993,27
N920DN,2004,16
N920DU,2019,1
N921AT,2000,20
N921DL,2004,16
N921DN,2004,16
N921DU,2004,16
N922AT,2005,15
N922DL,1988,32
N922DX,2004,16
N922DZ,2004,16
N923AT,2005,15
N923DL,2004,16
N923DN,2004,16
N923DZ,2019,1
N924AT,2000,20
N924DL,2004,16
N924DN,2004,16
N924DZ,2019,1
N925AT,2000,20
N925DN,2004,16
N925DZ,2019,1
N926AT,2000,20
N926DH,2004,16
N926DL,2004,16
N926DZ,2019,1
N927AT,2000,20
N927DA,2004,16
N927DN,1999,21
N927DZ,2019,1
N928AT,2000,20
N928DN,2004,16
N928DU,2019,1
N929AT,2000,20
N929DL,2004,16
N929DN,1996,24
N929DZ,2019,1
N930AT,2000,20
N930DN,1996,24
N930DZ,2019,1
N931DL,2004,16
N931DN,2004,16
N932AT,2000,20
N932DL,2004,16
N933AT,2000,20
N933DL,2004,16
N933DN,2004,16
N934AT,2000,20
N934DL,2004,16
N934DN,1996,24
N935AT,2000,20
N935DL,2004,16
N935DN,2004,16
N936AT,1999,21
N936DL,2004,16
N936DN,1996,24
N937AT,2001,19
N937DL,2004,16
N937DN,2004,16
N938AT,2006,14
N938DL,2004,16
N938DN,2004,16
N939AT,2006,14
N939DL,2004,16
N939DN,2004,16
N940AT,1999,21
N940DN,2004,16
N941DL,2004,16
N941DN,2004,16
N942AT,1999,21
N942DL,2004,16
N942DN,1997,23
N943AT,2004,16
N943DL,2004,16
N943DN,2004,16
N944AT,2004,16
N944DL,2004,16
N944DN,1997,23
N945AT,1999,21
N945DL,2004,16
N945DN,1998,22
N946AT,1999,21
N946DL,2004,16
N946DN,2004,16
N947AT,1999,21
N947DL,1989,31
N947DN,2004,16
N948AT,1999,21
N948DL,2004,16
N948DN,2004,16
N949AT,1999,21
N949DL,1990,30
N949DN,1997,23
N950AT,2000,20
N950DL,2004,16
N950DN,2004,16
N951AT,2000,20
N951DL,2004,16
N951DN,1997,23
N952AT,2000,20
N952DL,2004,16
N952DN,2004,16
N953AT,2000,20
N953DL,2004,16
N953DN,2004,16
N954AT,2000,20
N954DL,2004,16
N954DN,2004,16
N955AT,2000,20
N955DL,1990,30
N955DN,2004,16
N956AT,2000,20
N956DL,1990,30
N956DN,2004,16
N957AT,2000,20
N957DL,2004,16
N957DN,2004,16
N958AT,2004,16
N958DL,1990,30
N959AT,2001,19
N959DL,1990,30
N959DN,2004,16
N960AT,2001,19
N960DL,1990,30
N960DN,1998,22
N961AT,2001,19
N961DL,2004,16
N961DN,2004,16
N962DL,1990,30
N962DN,2004,16
N963AT,2001,19
N963DL,1990,30
N963DN,1999,21
N964AT,2001,19
N964DL,1990,30
N964DN,2004,16
N965AT,2001,19
N965DL,1990,30
N965DN,2004,16
N966AT,2001,19
N966DL,1990,30
N967AT,2001,19
N967DL,1990,30
N968AT,2004,16
N968DL,1990,30
N969AT,2004,16
N969DL,1990,30
N970AT,2004,16
N970DL,1990,30
N971AT,2001,19
N971DL,2004,16
N972AT,2001,19
N972DL,1991,29
N973DL,1991,29
N974AT,2002,18
N974DL,1991,29
N975AT,2002,18
N975DL,2004,16
N976DL,1991,29
N977AT,2004,16
N977DL,2004,16
N978AT,2004,16
N978DL,2004,16
N979AT,2002,18
N979DL,2004,16
N980AT,2004,16
N980DL,2004,16
N981AT,2002,18
N981DL,2004,16
N982AT,2004,16
N982DL,2004,16
N983AT,2004,16
N983DL,2004,16
N984DL,2004,16
N985AT,2004,16
N985DL,2004,16
N986AT,2004,16
N986DL,2004,16
N987AT,2004,16
N987DL,2004,16
N987DN,2004,16
N988AT,2004,16
N988DL,2004,16
N988DN,2004,16
N989AT,2004,16
N989DL,2004,16
N989DN,2004,16
N990AT,2004,16
N990DL,2004,16
N991AT,2004,16
N991DL,2004,16
N992AT,2004,16
N992DL,2004,16
N993AT,2002,18
N993DL,2004,16
N994AT,2004,16
N994DL,2004,16
N995AT,2004,16
N995DL,2004,16
N996AT,2004,16
N996DL,2004,16
N997AT,2004,16
N997DL,2004,16
N998AT,2004,16
N998DL,2004,16
N999DN,2004,16
N101NK,2014,6
N502NK,2005,15
N503NK,2014,6
N504NK,2005,15
N505NK,2005,15
N506NK,2005,15
N507NK,2005,15
N508NK,2005,15
N509NK,2014,6
N510NK,2014,6
N512NK,2006,14
N514NK,2006,14
N515NK,2006,14
N516NK,2006,14
N517NK,2006,14
N519NK,2014,6
N521NK,2006,14
N522NK,2006,14
N523NK,2006,14
N524NK,2006,14
N525NK,2014,6
N526NK,2006,14
N527NK,2014,6
N528NK,2007,13
N529NK,2007,13
N530NK,2007,13
N531NK,2007,13
N532NK,2007,13
N533NK,2008,12
N534NK,2008,12
N535NK,2010,10
N536NK,2010,10
N601NK,2010,10
N602NK,2014,6
N603NK,2010,10
N604NK,2014,6
N605NK,2014,6
N606NK,2011,9
N607NK,2011,9
N608NK,2011,9
N609NK,2011,9
N611NK,2012,8
N612NK,2012,8
N613NK,2012,8
N614NK,2012,8
N615NK,2012,8
N616NK,2012,8
N617NK,2012,8
N618NK,2013,7
N619NK,2013,7
N620NK,2013,7
N621NK,2013,7
N622NK,2013,7
N623NK,2013,7
N624NK,2013,7
N625NK,2014,6
N626NK,2014,6
N627NK,2014,6
N628NK,2014,6
N629NK,2014,6
N630NK,2014,6
N631NK,2014,6
N632NK,2014,6
N633NK,2014,6
N634NK,2014,6
N635NK,2014,6
N636NK,2015,5
N637NK,2015,5
N638NK,2015,5
N639NK,2015,5
N640NK,2015,5
N641NK,2015,5
N642NK,2015,5
N643NK,2015,5
N644NK,2016,4
N645NK,2014,6
N646NK,2014,6
N647NK,2017,3
N648NK,2017,3
N649NK,2017,3
N650NK,2017,3
N651NK,2017,3
N652NK,2017,3
N653NK,2018,2
N654NK,2018,2
N655NK,2018,2
N656NK,2018,2
N657NK,2015,5
N658NK,2015,5
N659NK,2015,5
N660NK,2014,6
N661NK,2015,5
N662NK,2015,5
N663NK,2014,6
N664NK,2014,6
N665NK,2014,6
N667NK,2014,6
N668NK,2016,4
N669NK,2016,4
N670NK,2016,4
N671NK,2016,4
N672NK,2017,3
N673NK,2017,3
N674NK,2017,3
N675NK,2017,3
N676NK,2017,3
N677NK,2017,3
N678NK,2017,3
N679NK,2017,3
N680NK,2017,3
N681NK,2017,3
N682NK,2017,3
N683NK,2018,2
N684NK,2018,2
N685NK,2018,2
N686NK,2018,2
N687NK,2018,2
N690NK,2018,2
N691NK,2018,2
N692NK,2018,2
N693NK,2018,2
N694NK,2018,2
N695NK,2014,6
N696NK,2019,1
N697NK,2010,10
N698NK,2010,10
N901NK,2016,4
N902NK,2016,4
N903NK,2016,4
N904NK,2016,4
N905NK,2016,4
N906NK,2014,6
N907NK,2018,2
N908NK,2018,2
N910NK,2018,2
N912NK,2018,2
N913NK,2017,3
N915NK,2018,2
N916NK,2019,1
N917NK,2019,1
N918NK,2019,1
N919NK,2019,1
N920NK,2014,6
N921NK,2019,1
N922NK,2019,1
N923NK,2019,1
N936NK,2021,-1
N101NN,2013,7
N102NN,2013,7
N102UW,1998,22
N103NN,2013,7
N103US,1999,21
N104NN,2013,7
N104UW,1999,21
N105NN,2013,7
N105UW,1999,21
N106NN,2014,6
N107NN,2014,6
N107US,1999,21
N108NN,2014,6
N108UW,1999,21
N109NN,2014,6
N109UW,1999,21
N110AN,2014,6
N110UW,1999,21
N111US,1999,21
N111ZM,2014,6
N112AN,2014,6
N112US,1999,21
N113AN,2014,6
N114NN,2008,12
N114UW,1999,21
N115NN,2014,6
N116AN,2014,6
N117AN,2014,6
N117UW,2000,20
N118NN,2014,6
N118US,2000,20
N119NN,2014,6
N119US,2000,20
N12028,2015,5
N120EE,2014,6
N121AN,2014,6
N121UW,2000,20
N122NN,2014,6
N122US,2000,20
N123NN,2014,6
N123UW,2000,20
N124AA,2014,6
N124US,2000,20
N125AA,2014,6
N125UW,2009,11
N126AN,2014,6
N126UW,2009,11
N127AA,2014,6
N127UW,2010,10
N128AN,2014,6
N128UW,2010,10
N129AA,2014,6
N130AN,2014,6
N131NN,2015,5
N132AN,2015,5
N133AN,2015,5
N134AN,2015,5
N135NN,2015,5
N136AN,2015,5
N137AA,2015,5
N138AN,2015,5
N139AN,2015,5
N140AN,2015,5
N141NN,2015,5
N142AN,2015,5
N143AN,2015,5
N144AN,2015,5
N145AN,2015,5
N146AA,2015,5
N147AA,2015,5
N148AN,2015,5
N149AN,2015,5
N150NN,2015,5
N150UW,2013,7
N151AN,2015,5
N151UW,2013,7
N152AA,2015,5
N152UW,2013,7
N153AN,2015,5
N153UW,2013,7
N154AA,2016,4
N154UW,2013,7
N155NN,2016,4
N155UW,2013,7
N156AN,2016,4
N156UW,2013,7
N157AA,2016,4
N157UW,2013,7
N158AN,2016,4
N159AN,2016,4
N160AN,2016,4
N161AA,2016,4
N161UW,2001,19
N162AA,2016,4
N162UW,2008,12
N163AA,2016,4
N163US,2001,19
N164NN,2016,4
N165NN,2016,4
N165US,2001,19
N166NN,2016,4
N167AN,2016,4
N167US,2001,19
N169UW,2001,19
N170US,2001,19
N171US,2001,19
N172AJ,2002,18
N172US,2001,19
N173AN,2002,18
N173US,2001,19
N174US,2008,12
N175AN,2001,19
N176AA,2002,18
N176UW,2008,12
N177AN,2002,18
N177US,2008,12
N177XF,2006,14
N178US,2001,19
N179UW,2001,19
N180US,2001,19
N181UW,2008,12
N182UW,2001,19
N183AN,1999,21
N183UW,2001,19
N184AN,2008,12
N184US,2002,18
N185AN,2001,19
N185UW,2002,18
N186AN,2001,19
N186US,2002,18
N187AN,2008,12
N187US,2002,18
N188AN,2001,19
N188US,2002,18
N189AN,2001,19
N189UW,2001,19
N190AA,2001,19
N190UW,2001,19
N191AN,2001,19
N191UW,2001,19
N192AN,2001,19
N192UW,2001,19
N193AN,2001,19
N193UW,2008,12
N194AA,2001,19
N194UW,2008,12
N195AN,2001,19
N195UW,2008,12
N196AA,2001,19
N196UW,2009,11
N197AN,2001,19
N197UW,2009,11
N198AA,2001,19
N198UW,2013,7
N199AN,2001,19
N199UW,2013,7
N200NV,2008,12
N200UU,1995,25
N201UU,1995,25
N202UW,2008,12
N203UW,2000,20
N204UW,2000,20
N205UW,2000,20
N206UW,1995,25
N207UW,2001,19
N270AY,2000,20
N271AY,2008,12
N272AY,2000,20
N273AY,2000,20
N274AY,2000,20
N275AY,2000,20
N276AY,2001,19
N277AY,2001,19
N278AY,2001,19
N279AY,2009,11
N280AY,2009,11
N281AY,2009,11
N282AY,2009,11
N283AY,2009,11
N284AY,2010,10
N285AY,2010,10
N286AY,2008,12
N287AY,2013,7
N288AY,2008,12
N289AY,2013,7
N290AY,2013,7
N291AY,2014,6
N292AY,2014,6
N293AY,2014,6
N3014R,2013,7
N301NW,2016,4
N301PA,2016,4
N302SA,2019,1
N303RE,2018,2
N303RG,2018,2
N304RB,2017,3
N305NX,2016,4
N306NY,2016,4
N306PB,2017,3
N306RC,2017,3
N308RD,2017,3
N309PC,2017,3
N310RF,2018,2
N313SB,2008,12
N314PD,2008,12
N314RH,2008,12
N315PE,2017,3
N315RJ,2018,2
N316PF,2017,3
N316RK,2018,2
N317PG,2017,3
N321RL,2018,2
N323RM,2018,2
N324RA,2017,3
N324RN,2018,2
N326RP,2018,2
N328RR,2018,2
N335PH,2017,3
N335RT,2018,2
N336RU,2018,2
N337PJ,2017,3
N338PK,2017,3
N338RS,2018,2
N339PL,2017,3
N341RW,2018,2
N342AN,2003,17
N342PM,2017,3
N342RX,2019,1
N343AN,2008,12
N343PN,2017,3
N343RY,2019,1
N344AN,2008,12
N344PP,2017,3
N346AN,2008,12
N346PR,2017,3
N347AN,2008,12
N348AN,2008,12
N349AN,2008,12
N350AN,2008,12
N350RV,2018,2
N352PS,2017,3
N354PT,2017,3
N355PU,2017,3
N357PV,2017,3
N358PW,2017,3
N359PX,2017,3
N379AA,2008,12
N381AN,2008,12
N384AA,2008,12
N385AM,1994,26
N388AA,2008,12
N389AA,2008,12
N390AA,2008,12
N391AA,2008,12
N392AN,2008,12
N393AN,2008,12
N394AN,2008,12
N395AN,2008,12
N396AN,1999,21
N397AN,1999,21
N398AN,1999,21
N399AN,2008,12
N4005X,2013,7
N400AN,2008,12
N401AN,2019,1
N402AN,2019,1
N4032T,2015,5
N403AN,2019,1
N404AN,2019,1
N405AN,2019,1
N406AN,2019,1
N407AN,2019,1
N409AA,2019,1
N412UW,2019,1
N424AA,2008,12
N426AA,2008,12
N5007E,2013,7
N501AA,2008,12
N507AY,2008,12
N508AY,2008,12
N509AY,2009,11
N510UW,2009,11
N519UW,2009,11
N521UW,2009,11
N523UW,2009,11
N524UW,2009,11
N534UW,2009,11
N535UW,2009,11
N536UW,2009,11
N537UW,2009,11
N538UW,2009,11
N539UW,2009,11
N540UW,2009,11
N542UW,2009,11
N543UW,2011,9
N544UW,2011,9
N545UW,2011,9
N546UW,2011,9
N549UW,2011,9
N551UW,2011,9
N552UW,2011,9
N553UW,2011,9
N554UW,2011,9
N555AN,2008,12
N556UW,2012,8
N557UW,2012,8
N558UW,2012,8
N559UW,2012,8
N560UW,2012,8
N561UW,2012,8
N562UW,2012,8
N563UW,2012,8
N567UW,2013,7
N568UW,2013,7
N572UW,2013,7
N573UW,2014,6
N575UW,2014,6
N576UW,2014,6
N578UW,2014,6
N579UW,2014,6
N580UW,2014,6
N581UW,2014,6
N582UW,2014,6
N583UW,2014,6
N584UW,2014,6
N585UW,2014,6
N586UW,2014,6
N587UW,2014,6
N590AA,2008,12
N601AW,2003,17
N604AW,2000,20
N647AW,1997,23
N649AW,1998,22
N650AW,1998,22
N651AW,1998,22
N652AW,1999,21
N653AW,1999,21
N654AW,1999,21
N655AW,1999,21
N656AW,1999,21
N657AW,1999,21
N658AW,1999,21
N659AW,2000,20
N660AW,2000,20
N661AW,2000,20
N662AW,2000,20
N663AW,2001,19
N664AW,2001,19
N665AW,2001,19
N667AW,2002,18
N668AW,2002,18
N669AW,2002,18
N673AW,2008,12
N679AW,2005,15
N680AW,2005,15
N691AA,1993,27
N692AA,1993,27
N70020,2014,6
N700UW,1998,22
N701UW,2008,12
N702UW,1998,22
N703UW,1998,22
N70425,2008,12
N704US,1998,22
N705UW,2008,12
N708UW,1999,21
N709UW,1999,21
N710UW,1999,21
N711UW,1999,21
N712US,1999,21
N713UW,1999,21
N714US,1999,21
N715UW,1999,21
N716UW,1999,21
N717AN,2012,8
N717UW,1999,21
N718AN,2012,8
N719AN,2013,7
N720AN,2008,12
N721AN,2013,7
N721UW,1999,21
N722AN,2013,7
N722US,1999,21
N723AN,2013,7
N723UW,1999,21
N724AN,2013,7
N724UW,1999,21
N725AN,2013,7
N725UW,1999,21
N726AN,2013,7
N727AN,2014,6
N728AN,2014,6
N729AN,2014,6
N730AN,2014,6
N730US,2000,20
N731AN,2014,6
N732AN,2008,12
N732US,2000,20
N733AR,2015,5
N733UW,2000,20
N734AR,2015,5
N735AT,2016,4
N736AT,2016,4
N737US,2000,20
N738US,2000,20
N740UW,2000,20
N741UW,2000,20
N742PS,2000,20
N744P,2000,20
N745VJ,2000,20
N746UW,2000,20
N747UW,2008,12
N748UW,2008,12
N749US,2000,20
N750AN,2001,19
N750UW,2000,20
N751AN,2001,19
N751UW,2000,20
N7528A,2008,12
N752AN,2001,19
N752US,2000,20
N753AN,2001,19
N753US,2000,20
N7541A,2008,12
N7547A,1990,30
N7548A,2008,12
N754AN,2001,19
N754UW,2000,20
N7550,2008,12
N755AN,2001,19
N755US,2000,20
N756AM,2001,19
N756US,2000,20
N757AN,2001,19
N757UW,2000,20
N758AN,2001,19
N758US,2000,20
N759AN,2001,19
N760AN,2002,18
N760US,2000,20
N761AJ,2002,18
N762AN,2002,18
N762US,2000,20
N763US,2000,20
N764US,2000,20
N765AN,2003,17
N765US,2000,20
N766AN,2003,17
N766US,2000,20
N767AJ,2006,14
N767UW,2000,20
N768AA,2006,14
N768US,2000,20
N769US,2000,20
N770AN,1999,21
N770UW,2000,20
N771AN,1999,21
N771XF,2003,17
N772AN,1999,21
N772XF,2003,17
N773AN,1999,21
N773XF,2003,17
N774AN,1999,21
N774XF,2003,17
N775AN,1999,21
N776AN,1999,21
N776XF,2004,16
N777AN,1999,21
N778AN,1999,21
N778XF,2009,11
N779AN,1999,21
N780AN,1999,21
N781AN,2000,20
N782AN,2000,20
N783AN,2000,20
N784AN,2000,20
N785AN,2000,20
N786AN,2000,20
N787AL,2000,20
N788AN,2000,20
N789AN,2000,20
N790AN,2000,20
N791AN,2000,20
N792AN,2000,20
N793AN,2000,20
N794AN,2000,20
N795AN,2000,20
N796AN,2000,20
N797AN,2001,19
N798AN,2001,19
N799AN,2001,19
N8001N,2013,7
N8009T,2013,7
N800AN,2015,5
N800NN,2009,11
N801AC,2015,5
N801AW,1998,22
N801NN,2009,11
N8027D,2015,5
N802AN,2015,5
N802AW,1998,22
N802NN,2008,12
N8030F,2015,5
N8031M,2015,5
N803AL,2015,5
N803AW,1998,22
N803NN,2008,12
N804AN,2015,5
N804AW,1999,21
N804NN,2008,12
N805AN,2015,5
N805AW,1999,21
N805NN,2009,11
N806AA,2015,5
N806AW,1999,21
N806NN,2009,11
N807AA,2015,5
N807AW,1999,21
N807NN,2008,12
N808AN,2015,5
N808AW,1999,21
N808NN,2008,12
N809AA,2015,5
N809AW,1999,21
N809NN,2009,11
N810AN,2015,5
N810AW,1999,21
N810NN,2009,11
N811AB,2015,5
N811NN,2009,11
N812AA,2015,5
N812AW,2000,20
N812NN,2009,11
N813AN,2016,4
N813AW,2000,20
N813NN,2009,11
N814AA,2016,4
N814AW,2000,20
N814NN,2009,11
N815AA,2016,4
N815AW,2000,20
N815NN,2009,11
N816AA,2016,4
N816AW,2000,20
N816NN,2009,11
N817AN,2017,3
N817AW,2000,20
N817NN,2009,11
N818AL,2017,3
N818AW,2000,20
N818NN,2009,11
N819AN,2017,3
N819AW,2000,20
N819NN,2009,11
N820AL,2016,4
N820AW,2000,20
N820NN,2009,11
N821AN,2016,4
N821AW,2000,20
N821NN,2010,10
N822AN,2008,12
N822AW,2000,20
N822NN,2010,10
N823AN,2016,4
N823AW,2001,19
N823NN,2010,10
N824AN,2017,3
N824AW,2001,19
N824NN,2010,10
N825AA,2017,3
N825AW,2001,19
N825NN,2010,10
N826AN,2017,3
N826AW,2008,12
N826NN,2010,10
N827AN,2017,3
N827AW,2001,19
N827NN,2010,10
N828AA,2017,3
N828AW,2008,12
N829AN,2017,3
N829AW,2008,12
N829NN,2010,10
N830AN,2017,3
N830AW,2008,12
N830NN,2010,10
N831AA,2017,3
N831AW,2001,19
N831NN,2010,10
N832AA,2017,3
N832AW,2001,19
N832NN,2010,10
N833AA,2017,3
N833AW,2002,18
N833NN,2010,10
N834AA,2008,12
N834AW,2008,12
N834NN,2010,10
N835AN,2018,2
N835AW,2008,12
N835NN,2010,10
N836AA,2018,2
N836AW,2005,15
N836NN,2010,10
N837AN,2018,2
N837AW,2005,15
N837NN,2010,10
N838AA,2018,2
N838AW,2005,15
N838NN,2010,10
N839AA,2018,2
N839AW,2006,14
N839NN,2010,10
N840AN,2019,1
N840AW,2006,14
N840NN,2010,10
N841AN,2019,1
N841NN,2010,10
N842NN,2010,10
N843NN,2010,10
N844NN,2010,10
N845NN,2010,10
N846NN,2010,10
N847NN,2010,10
N848NN,2010,10
N849NN,2010,10
N850NN,2010,10
N851NN,2010,10
N852NN,2010,10
N853NN,2010,10
N854NN,2010,10
N855NN,2010,10
N856NN,2010,10
N857NN,2010,10
N858NN,2010,10
N859NN,2010,10
N860NN,2010,10
N861NN,2010,10
N862NN,2010,10
N863NN,2010,10
N864NN,2010,10
N865NN,2010,10
N866NN,2010,10
N867NN,2011,9
N868NN,2011,9
N869NN,2011,9
N870NN,2011,9
N871NN,2011,9
N872NN,2011,9
N873NN,2011,9
N874NN,2011,9
N875NN,2011,9
N876NN,2011,9
N877NN,2011,9
N878NN,2011,9
N879NN,2011,9
N880NN,2011,9
N881NN,2011,9
N882NN,2011,9
N883NN,2012,8
N884NN,2012,8
N885NN,2012,8
N886NN,2012,8
N887NN,2012,8
N889NN,2012,8
N890NN,2012,8
N891NN,2012,8
N892NN,2012,8
N893NN,2012,8
N894NN,2012,8
N895NN,2012,8
N896NN,2012,8
N897NN,2012,8
N898NN,2012,8
N899NN,2012,8
N90024,2014,6
N9002U,2013,7
N9004F,2013,7
N9006,2013,7
N9008U,2013,7
N900UW,2017,3
N9010R,2013,7
N9011P,2013,7
N9012,2013,7
N9013A,2013,7
N9015D,2013,7
N9016,2014,6
N9017P,2014,6
N9018E,2014,6
N9019F,2014,6
N901AA,2017,3
N901AN,1999,21
N901NN,2012,8
N9021H,2014,6
N9022G,2014,6
N9023N,2014,6
N9025B,2014,6
N9026C,2015,5
N9029F,2015,5
N902AA,2017,3
N902AN,1999,21
N902NN,2012,8
N903AA,2017,3
N903AN,1999,21
N903NN,2012,8
N904AA,2017,3
N904AN,1999,21
N904NN,2012,8
N905AN,1999,21
N905AU,2017,3
N905NN,2012,8
N906AA,2008,12
N906AN,1999,21
N906NN,2012,8
N907AA,2017,3
N907AN,1999,21
N907NN,2012,8
N908AA,2017,3
N908AN,1999,21
N908NN,2012,8
N909AM,2017,3
N909AN,1999,21
N909NN,2012,8
N910AN,1999,21
N910AU,2017,3
N910NN,2012,8
N912AN,1999,21
N912NN,2012,8
N912UY,2014,6
N913AN,1999,21
N913NN,2013,7
N913US,2014,6
N914AN,1999,21
N914NN,2013,7
N914UY,2014,6
N915AN,1999,21
N915NN,2013,7
N915US,2014,6
N916AN,2008,12
N916NN,2013,7
N916US,2015,5
N917AN,1999,21
N917NN,2013,7
N917UY,2015,5
N918AN,1999,21
N918NN,2013,7
N918US,2015,5
N919AN,1999,21
N919NN,2013,7
N919US,2015,5
N920AN,1999,21
N920NN,2013,7
N920US,2015,5
N921AN,1999,21
N921NN,2013,7
N921US,2008,12
N922AN,1999,21
N922NN,2008,12
N922US,2015,5
N923AN,1999,21
N923NN,2013,7
N923US,2015,5
N924AN,1999,21
N924NN,2013,7
N924US,2015,5
N925AN,1999,21
N925NN,2013,7
N925UY,2015,5
N926AN,2000,20
N926NN,2013,7
N926UW,2015,5
N927AN,2000,20
N927NN,2013,7
N927UW,2015,5
N928AM,2017,3
N928AN,2000,20
N928NN,2008,12
N929AA,2017,3
N929AN,2000,20
N929NN,2013,7
N93003,2013,7
N930AN,2000,20
N930AU,2017,3
N930NN,2013,7
N931AM,2017,3
N931AN,2000,20
N931NN,2013,7
N932AM,2017,3
N932AN,2000,20
N932NN,2013,7
N933AM,2017,3
N933AN,2008,12
N933NN,2013,7
N934AA,2017,3
N934AN,2000,20
N934NN,2013,7
N935AN,2000,20
N935NN,2013,7
N936AN,2000,20
N936NN,2013,7
N937AN,2000,20
N937NN,2013,7
N938AN,2000,20
N938NN,2013,7
N938UW,1994,26
N939AN,2000,20
N939NN,2013,7
N939UW,1994,26
N9405T,2008,12
N940AN,2000,20
N940NN,2013,7
N941AN,2000,20
N941NN,2013,7
N942AN,2000,20
N942NN,2013,7
N943AN,2000,20
N943NN,2013,7
N944AN,2000,20
N944NN,2014,6
N944UW,2006,14
N945AN,2000,20
N945NN,2014,6
N945UW,2008,12
N946AN,2000,20
N946NN,2014,6
N946UW,2007,13
N947AN,2000,20
N947NN,2014,6
N947UW,2007,13
N948AN,2000,20
N948NN,2014,6
N948UW,2007,13
N949AN,2000,20
N949NN,2014,6
N949UW,2007,13
N950AN,2000,20
N950NN,2014,6
N950UW,2007,13
N951AA,2000,20
N951NN,2014,6
N951UW,2007,13
N952AA,2000,20
N952NN,2014,6
N952UW,2007,13
N953AN,2001,19
N953NN,2014,6
N953UW,2007,13
N954AN,2001,19
N954NN,2014,6
N954UW,2008,12
N955AN,2001,19
N955NN,2014,6
N955UW,2008,12
N956AN,2001,19
N956NN,2014,6
N956UW,2008,12
N957AN,2001,19
N957NN,2014,6
N957UW,2008,12
N958AN,2001,19
N958NN,2014,6
N958UW,2008,12
N959AN,2001,19
N959NN,2014,6
N959UW,2008,12
N960AN,2001,19
N960NN,2014,6
N9615W,2008,12
N9616G,1997,23
N9617R,2008,12
N9618A,1997,23
N9619V,1997,23
N961AN,2001,19
N961NN,2014,6
N961TW,1999,21
N961UW,2008,12
N9620D,1997,23
N9621A,2008,12
N9622A,1998,22
N9624T,1998,22
N9625W,1998,22
N9626F,1998,22
N9628W,2008,12
N9629H,2008,12
N962AN,2001,19
N962NN,2014,6
N962TW,1999,21
N9630A,1997,23
N963AN,2001,19
N963NN,2014,6
N963TW,1999,21
N963UW,2008,12
N964AN,2001,19
N964NN,2015,5
N964TW,1999,21
N965AN,2001,19
N965NN,2015,5
N965TW,1999,21
N965UW,2008,12
N966AN,2001,19
N966NN,2015,5
N966TW,1999,21
N9677W,1999,21
N967AN,2001,19
N967NN,2015,5
N967TW,1999,21
N967UW,2008,12
N9681B,1999,21
N968AN,2001,19
N968NN,2015,5
N968TW,1999,21
N969AN,2001,19
N969NN,2015,5
N969TW,1999,21
N970AN,2001,19
N970NN,2015,5
N970TW,1999,21
N970UY,2009,11
N971AN,2001,19
N971NN,2015,5
N971TW,1999,21
N971UY,2008,12
N972AN,2008,12
N972NN,2015,5
N972TW,1999,21
N972UY,2009,11
N973AN,2001,19
N973NN,2015,5
N973UY,2011,9
N974AN,2001,19
N974UY,2011,9
N975AN,2001,19
N975UY,2011,9
N976AN,2001,19
N976NN,2015,5
N976UY,2012,8
N977NN,2008,12
N977UY,2008,12
N978AN,2008,12
N978NN,2008,12
N978UY,2008,12
N979AN,2009,11
N979NN,2008,12
N979TW,2008,12
N979UY,2008,12
N980AN,2009,11
N980NN,2008,12
N980TW,2008,12
N980UY,2008,12
N981AN,2008,12
N981NN,2008,12
N981UY,2008,12
N982AN,2008,12
N982NN,2008,12
N982TW,2008,12
N982VJ,2008,12
N983AN,2008,12
N983NN,2008,12
N983TW,2008,12
N984NN,2008,12
N984TW,2008,12
N985NN,2008,12
N986AN,2008,12
N986NN,2008,12
N987AM,2008,12
N987AN,2008,12
N987NN,2008,12
N988AL,2008,12
N988NN,2008,12
N989AN,2008,12
N989AU,2008,12
N989NN,2008,12
N990AN,2008,12
N990AU,2008,12
N990NN,2008,12
N991AN,2008,12
N991AU,2008,12
N991NN,2008,12
N992AN,2008,12
N992AU,2008,12
N992NN,2008,12
N993AN,2008,12
N993NN,2008,12
N994AN,2008,12
N994NN,2008,12
N995AN,2008,12
N995NN,2008,12
N996AN,2008,12
N996NN,2008,12
N997AA,2008,12
N997NN,2008,12
N998AN,2008,12
N998NN,2008,12
N103SY,2014,6
N105SY,2014,6
N106SY,2014,6
N107SY,2014,6
N108SY,2014,6
N109SY,2014,6
N110SY,2014,6
N113SY,2014,6
N114SY,2014,6
N116SY,2014,6
N117SY,2014,6
N118SY,2014,6
N119SY,2014,6
N120SY,2014,6
N121SY,2014,6
N122SY,2014,6
N124SY,2014,6
N125SY,2014,6
N127SY,2014,6
N128SY,2014,6
N130SY,2015,5
N131SY,2015,5
N132SY,2015,5
N133SY,2015,5
N134SY,2015,5
N135SY,2015,5
N136SY,2015,5
N138SY,2015,5
N139SY,2015,5
N140SY,2015,5
N141SY,2015,5
N142SY,2015,5
N143SY,2015,5
N144SY,2015,5
N145SY,2015,5
N146SY,2015,5
N148SY,2015,5
N149SY,2015,5
N150SY,2015,5
N151SY,2015,5
N152SY,2008,12
N153SY,2008,12
N154SY,2008,12
N156SY,2016,4
N157SY,2016,4
N160SY,2016,4
N161PQ,2008,12
N161SY,2016,4
N162PQ,2008,12
N162SY,2016,4
N163SY,2016,4
N164SY,2016,4
N165SY,2016,4
N166SY,2016,4
N167SY,2016,4
N168SY,2016,4
N170PQ,2008,12
N170SY,2015,5
N171SY,2015,5
N173SY,2015,5
N174SY,2015,5
N175SY,2015,5
N176SY,2016,4
N177SY,2016,4
N178SY,2016,4
N179SY,2016,4
N181SY,2016,4
N182SY,2016,4
N183SY,2016,4
N184SY,2016,4
N185SY,2016,4
N186SY,2016,4
N187PQ,2008,12
N187SY,2017,3
N188SY,2017,3
N189SY,2017,3
N191SY,2017,3
N192SY,2017,3
N193SY,2017,3
N194SY,2017,3
N195SY,2017,3
N196SY,2018,2
N197SY,2018,2
N198SY,2018,2
N199SY,2018,2
N200SY,2016,4
N202SY,2016,4
N203SY,2016,4
N204SY,2016,4
N205SY,2017,3
N206SY,2017,3
N207SY,2017,3
N208SY,2017,3
N209SY,2017,3
N211SY,2017,3
N213SY,2017,3
N223JS,2004,16
N225AG,2008,12
N240SY,2016,4
N241SY,2016,4
N242SY,2016,4
N243SY,2016,4
N244SY,2016,4
N246PS,2004,16
N246SY,2016,4
N247SY,2016,4
N250SY,2016,4
N251SY,2016,4
N252SY,2016,4
N253SY,2016,4
N254SY,2016,4
N255SY,2016,4
N256SY,2017,3
N257SY,2017,3
N258SY,2017,3
N259SY,2017,3
N260SY,2017,3
N261SY,2017,3
N262SY,2018,2
N263SY,2018,2
N264SY,2018,2
N265SY,2018,2
N267SY,2018,2
N268SY,2018,2
N269SY,2018,2
N270SY,2018,2
N271SY,2018,2
N272SY,2018,2
N273SY,2018,2
N274SY,2018,2
N275SY,2018,2
N276SY,2018,2
N277SY,2018,2
N278SY,2018,2
N279SY,2018,2
N280SY,2018,2
N281SY,2018,2
N282SY,2008,12
N283SY,2018,2
N284SY,2018,2
N285SY,2018,2
N286SY,2018,2
N287SY,2018,2
N288SY,2018,2
N289SY,2018,2
N290SY,2018,2
N291SY,2018,2
N292SY,2018,2
N293SY,2019,1
N294SY,2008,12
N295SY,2008,12
N296SY,2019,1
N297SY,2019,1
N298SY,2019,1
N299SY,2019,1
N400SY,2018,2
N402SY,2018,2
N403SY,2018,2
N404SY,2018,2
N405SY,2018,2
N417SW,2008,12
N418SW,2000,20
N423SW,2000,20
N426SW,2001,19
N427SW,2001,19
N429SW,2001,19
N430SW,2001,19
N431SW,2001,19
N432SW,2001,19
N433SW,2001,19
N435SW,2001,19
N437SW,2001,19
N438SW,2001,19
N439SW,2001,19
N440SW,2001,19
N441SW,2002,18
N442SW,2008,12
N443SW,2008,12
N445SW,2002,18
N446SW,2002,18
N447SW,2002,18
N448SW,2002,18
N449SW,2002,18
N452SW,2002,18
N453SW,2008,12
N454SW,2003,17
N455CA,2002,18
N455SW,2003,17
N457SW,2003,17
N459SW,2003,17
N460SW,2003,17
N461SW,2003,17
N463SW,2003,17
N464SW,2003,17
N465SW,2003,17
N466SW,2003,17
N468CA,2008,12
N471CA,2002,18
N472CA,2002,18
N477CA,2002,18
N479CA,2002,18
N487CA,2002,18
N492SW,1997,23
N494CA,2003,17
N496CA,2003,17
N498CA,2003,17
N506CA,2003,17
N548CA,2008,12
N549CA,2008,12
N554CA,2008,12
N593ML,2001,19
N594SW,1999,21
N601XJ,2005,15
N602XJ,2005,15
N603SK,2008,12
N604SK,2006,14
N606SK,2006,14
N607SK,2006,14
N608SK,2006,14
N609SK,2002,18
N611SK,2002,18
N613SK,2008,12
N614SK,2002,18
N625CA,2003,17
N629BR,1998,22
N630SK,2011,9
N631SK,2011,9
N632SK,2011,9
N633SK,2011,9
N641CA,2003,17
N652BR,2000,20
N659BR,2001,19
N675BR,2002,18
N679CA,2007,13
N679SA,2008,12
N685BR,2002,18
N689CA,2007,13
N692CA,2006,14
N693BR,2003,17
N693CA,2006,14
N699BR,2003,17
N701BR,2000,20
N701SK,2008,12
N702BR,2000,20
N702SK,2008,12
N703SK,2004,16
N705SK,2004,16
N706SK,2004,16
N707SK,1999,21
N708SK,2008,12
N709BR,2003,17
N709SK,2004,16
N710SK,2004,16
N712SK,2004,16
N713SK,2004,16
N715SK,2008,12
N716EV,2003,17
N716SK,2008,12
N718SK,2008,12
N719SK,2008,12
N722EV,2003,17
N724SK,2004,16
N726SK,2005,15
N727SK,2005,15
N728SK,2005,15
N730EV,2004,16
N730SK,2005,15
N732SK,2005,15
N738SK,2005,15
N740EV,2004,16
N740SK,2005,15
N741EV,2004,16
N742SK,2005,15
N743SK,2005,15
N744EV,2004,16
N744SK,2005,15
N745SK,2005,15
N746SK,2005,15
N748EV,2004,16
N748SK,2005,15
N750EV,2004,16
N750SK,2005,15
N751EV,2008,12
N751SK,2005,15
N752EV,2008,12
N752SK,2005,15
N753EV,2004,16
N753SK,2005,15
N754EV,2004,16
N754SK,2005,15
N755EV,2008,12
N755SK,2005,15
N756SK,2005,15
N758EV,2005,15
N758SK,2005,15
N759EV,2005,15
N760EV,2005,15
N760SK,2005,15
N761ND,2005,15
N762SK,2008,12
N763SK,2008,12
N764SK,2008,12
N765SK,2008,12
N766SK,2005,15
N767SK,2005,15
N768SK,2005,15
N770SK,2006,14
N771SK,2006,14
N772SK,2005,15
N773SK,2005,15
N774SK,2006,14
N776SK,2006,14
N778SK,2006,14
N779CA,2008,12
N779SK,2009,11
N780SK,2009,11
N781CA,2008,12
N782SK,2009,11
N783CA,2008,12
N783SK,2009,11
N784SK,2009,11
N785SK,2009,11
N786SK,2009,11
N787SK,2009,11
N788SK,2009,11
N789SK,2009,11
N790SK,2009,11
N791SK,2009,11
N792SK,2009,11
N793SK,2009,11
N794SK,2008,12
N795SK,2010,10
N796SK,2008,12
N797SK,2010,10
N800SK,2006,14
N802SK,2006,14
N803SK,2006,14
N804SK,2006,14
N805SK,2006,14
N806SK,2006,14
N807SK,2008,12
N809CA,2000,20
N809SK,2006,14
N810SK,2008,12
N812SK,2008,12
N813SK,2008,12
N814SK,2008,12
N815SK,2008,12
N816SK,2006,14
N817SK,2006,14
N820SK,2006,14
N821SK,2007,13
N822SK,2008,12
N823SK,2008,12
N824SK,2008,12
N825SK,2008,12
N826SK,2018,2
N827SK,2018,2
N829SK,2018,2
N830SK,2018,2
N831SK,2018,2
N832SK,2019,1
N833SK,2019,1
N834SK,2019,1
N836SK,2019,1
N837SK,2019,1
N838SK,2019,1
N839SK,2019,1
N854AS,2000,20
N856AS,2000,20
N857AS,2000,20
N860AS,2000,20
N861AS,2000,20
N862AS,2001,19
N863AS,2001,19
N864AS,2001,19
N866AS,2001,19
N868AS,2001,19
N868CA,2000,20
N869AS,2001,19
N870AS,2001,19
N871AS,2001,19
N873AS,2001,19
N874AS,2001,19
N875AS,2001,19
N876AS,2001,19
N877AS,2001,19
N878AS,2002,18
N879AS,2002,18
N881AS,2001,19
N8828D,2003,17
N882AS,2001,19
N884AS,2008,12
N885AS,2001,19
N886AS,2001,19
N8884E,2003,17
N889AS,2001,19
N8903A,2004,16
N8923A,2004,16
N8932C,2004,16
N8933B,2004,16
N8942A,2004,16
N8965E,2004,16
N8968E,2004,16
N896SK,2006,14
N897SK,2006,14
N8982A,2004,16
N898SK,2007,13
N899SK,2007,13
N900EV,2002,18
N901EV,2002,18
N902EV,2002,18
N903EV,2002,18
N903SW,2000,20
N904EV,2002,18
N905EV,2002,18
N905SW,2000,20
N906EV,2008,12
N906SW,2001,19
N907EV,2008,12
N907SW,2001,19
N908EV,2002,18
N908SW,2001,19
N909EV,2002,18
N909SW,2001,19
N910EV,2002,18
N910SW,2001,19
N912EV,2002,18
N912SW,2001,19
N913EV,2002,18
N913SW,2001,19
N914EV,2003,17
N915EV,2003,17
N915SW,2008,12
N916EV,2003,17
N916SW,2002,18
N917EV,2003,17
N917SW,2008,12
N918SW,2008,12
N919EV,2003,17
N919SW,2002,18
N920EV,2003,17
N920SW,2002,18
N921EV,2003,17
N922EV,2003,17
N923EV,2003,17
N923SW,2002,18
N924SW,2002,18
N925EV,2003,17
N925SW,2002,18
N926EV,2003,17
N926SW,2002,18
N927SW,2002,18
N928EV,2004,16
N928SW,2002,18
N929EV,2004,16
N929SW,2002,18
N930EV,2008,12
N930SW,2008,12
N931EV,2005,15
N932EV,2005,15
N932SW,2002,18
N933EV,2005,15
N934SW,2002,18
N935SW,2008,12
N936EV,2005,15
N936SW,2008,12
N937EV,2005,15
N937SW,2008,12
N938SW,2003,17
N939SW,2003,17
N941SW,2003,17
N943SW,2003,17
N944SW,2003,17
N945SW,2003,17
N946SW,2003,17
N947SW,2003,17
N948SW,2008,12
N951SW,2003,17
N952SW,2003,17
N953SW,2003,17
N954SW,2003,17
N955SW,2003,17
N956SW,2003,17
N957SW,2003,17
N958SW,2003,17
N959SW,2003,17
N960SW,2003,17
N961SW,2003,17
N962SW,2003,17
N963SW,2003,17
N964SW,2003,17
N965SW,2003,17
N967SW,2003,17
N969SW,2008,12
N970SW,2008,12
N971SW,2004,16
N973SW,2004,16
N975SW,2004,16
N976SW,2004,16
N978SW,2008,12
N979EV,2008,12
N979SW,2008,12
N980SW,2008,12
N982SW,2008,12
N983SW,2008,12
N986SW,2008,12
N987SW,2008,12
N10575,2002,18
N11107,2002,18
N11109,2002,18
N11164,2004,16
N11165,2004,16
N11184,2005,15
N11189,2005,15
N11192,2005,15
N11535,2001,19
N11536,2001,19
N11539,2001,19
N11544,2002,18
N11547,2002,18
N11548,2002,18
N11551,2002,18
N11565,2002,18
N12135,2003,17
N12163,2004,16
N12166,2004,16
N12167,2004,16
N12172,2004,16
N12175,2004,16
N12195,2005,15
N12201,2006,14
N12528,2004,16
N12530,2004,16
N12540,2001,19
N12552,2002,18
N12563,2002,18
N12564,2002,18
N12567,2004,16
N12569,2002,18
N12900,2004,16
N13118,2002,18
N131EV,2009,11
N13538,2001,19
N13550,2004,16
N13553,2002,18
N13566,2004,16
N13903,2001,19
N13908,2001,19
N13913,2001,19
N13975,1999,21
N13978,1999,21
N13979,1999,21
N13988,2000,20
N13989,2000,20
N13992,2000,20
N13995,2000,20
N14105,2002,18
N14148,2003,17
N14158,2004,16
N14168,2004,16
N14173,2004,16
N14174,2004,16
N14180,2005,15
N14188,2005,15
N14203,2006,14
N14542,2001,19
N14543,2004,16
N14558,2004,16
N14562,2002,18
N14568,2002,18
N14570,2002,18
N14573,2002,18
N146PQ,2007,13
N147PQ,2007,13
N14902,2001,19
N14904,2001,19
N14905,2001,19
N14907,2001,19
N14916,2001,19
N14977,1999,21
N14991,2000,20
N14993,2000,20
N153PQ,2007,13
N15555,2004,16
N15572,2002,18
N15574,2004,16
N15910,2001,19
N15912,2001,19
N15980,1999,21
N15983,2000,20
N15986,2000,20
N16149,2003,17
N16170,2004,16
N16178,2005,15
N16541,2001,19
N16546,2002,18
N16559,2002,18
N16561,2002,18
N16571,2002,18
N166PQ,2008,12
N16911,2001,19
N16976,1999,21
N16981,1999,21
N16987,2000,20
N17108,2002,18
N17115,2002,18
N17159,2004,16
N17169,2004,16
N17185,2005,15
N17196,2005,15
N17560,2002,18
N17984,2000,20
N18556,2002,18
N18557,2004,16
N19554,2002,18
N195PQ,2008,12
N197PQ,2008,12
N200PQ,2008,12
N21197,2006,14
N21537,2001,19
N22909,2001,19
N23139,2003,17
N24103,2002,18
N25134,2003,17
N26545,2002,18
N26549,2002,18
N27152,2004,16
N27190,2005,15
N27200,2006,14
N28529,2004,16
N29906,2001,19
N29917,2001,19
N34110,2002,18
N36915,2001,19
N371CA,2003,17
N391CA,2003,17
N398CA,2003,17
N48901,2001,19
N538CA,2008,12
N582CA,2008,12
N600QX,2004,16
N601UX,2004,16
N602UX,2019,1
N603QX,2004,16
N603UX,2019,1
N604QX,2004,16
N604UX,2019,1
N605QX,2004,16
N605UX,2019,1
N606LR,2008,12
N606UX,2019,1
N607LR,2008,12
N607UX,2019,1
N608QX,2004,16
N608UX,2019,1
N609UX,2019,1
N610UX,2019,1
N611QX,2004,16
N611UX,2019,1
N612QX,2002,18
N612UX,2019,1
N613QX,2004,16
N613UX,2019,1
N614QX,2002,18
N614UX,2019,1
N615QX,2004,16
N615UX,2019,1
N616QX,2004,16
N616UX,2019,1
N617QX,2003,17
N617UX,2019,1
N676CA,2007,13
N678CA,2007,13
N691CA,2007,13
N695CA,2006,14
N707EV,2002,18
N708EV,2002,18
N709EV,2002,18
N710EV,2002,18
N712EV,2002,18
N713EV,2003,17
N717EV,2003,17
N718EV,2003,17
N719EV,2003,17
N720EV,2004,16
N723EV,2004,16
N724EV,2004,16
N738EV,2004,16
N751EV,2004,16
N752EV,2004,16
N755EV,2004,16
N781CA,2004,16
N783CA,2004,16
N884AS,2004,16
N11176,2004,16
N11181,2005,15
N11187,2005,15
N11191,2005,15
N11193,2005,15
N11194,2004,16
N11199,2006,14
N12157,2004,16
N12160,2004,16
N13161,2004,16
N13202,2006,14
N14143,2003,17
N14162,2004,16
N14171,2004,16
N14177,2005,15
N14179,2005,15
N14186,2005,15
N14198,2006,14
N14204,2006,14
N16147,2003,17
N16183,2005,15
N21154,2003,17
N33182,2005,15
N359PH,1998,22
N360PH,1998,22
N361PH,2004,16
N362PH,1998,22
N363PH,1998,22
N374PH,1999,21
N375PH,2004,16
N11206,2000,20
N12003,2005,15
N12004,2019,1
N12005,2019,1
N12006,2019,1
N12109,1994,26
N12114,1995,25
N12116,1996,24
N12125,1998,22
N12216,1998,22
N12218,2005,15
N12221,1998,22
N12225,1998,22
N12238,1999,21
N12754,2002,18
N13110,1994,26
N13113,1995,25
N13138,1999,21
N13227,1999,21
N13248,1999,21
N13716,1998,22
N13718,1999,21
N13720,1999,21
N13750,1999,21
N13954,2015,5
N14001,2018,2
N14102,1994,26
N14106,1994,26
N14107,1994,26
N14115,1995,25
N14118,1997,23
N14120,1997,23
N14121,1997,23
N14214,1998,22
N14219,1998,22
N14228,1999,21
N14230,1999,21
N14231,1999,21
N14235,1999,21
N14237,1999,21
N14240,1999,21
N14242,1999,21
N14249,1999,21
N14250,1999,21
N14704,1998,22
N14731,1999,21
N14735,1999,21
N15710,1998,22
N15712,1998,22
N15751,1999,21
N15969,2017,3
N16008,2019,1
N16009,2019,1
N16217,1998,22
N16234,1999,21
N16701,1998,22
N16703,1998,22
N16709,1998,22
N16713,1998,22
N16732,1999,21
N17002,2018,2
N17104,1994,26
N17105,1994,26
N17122,1997,23
N17126,1998,22
N17128,1998,22
N17133,2005,15
N17139,2000,20
N17229,1999,21
N17233,1999,21
N17244,1999,21
N17245,1999,21
N17719,1999,21
N17730,1999,21
N17752,1999,21
N17753,2002,18
N17963,2016,4
N18112,1995,25
N18119,1997,23
N18220,1998,22
N18223,1998,22
N18243,1999,21
N1902U,2005,15
N19117,1996,24
N19130,1998,22
N19136,1999,21
N19141,2000,20
N19951,2014,6
N204UA,2005,15
N206UA,2005,15
N20904,2012,8
N209UA,2005,15
N210UA,2005,15
N21108,1994,26
N211UA,2005,15
N212UA,2005,15
N2135U,2017,3
N2136U,2017,3
N2138U,2017,3
N213UA,2005,15
N2140U,2017,3
N2142U,2017,3
N214UA,2005,15
N215UA,2005,15
N216UA,2005,15
N21723,1999,21
N217UA,2005,15
N218UA,2001,19
N219UA,2001,19
N220UA,2001,19
N221UA,2001,19
N222UA,2001,19
N223UA,2001,19
N2243U,2017,3
N224UA,2005,15
N225UA,2005,15
N226UA,2005,15
N227UA,2005,15
N228UA,2005,15
N229UA,2005,15
N2331U,2016,4
N2332U,2016,4
N2333U,2017,3
N2341U,2017,3
N23707,1998,22
N23708,1998,22
N23721,1999,21
N24202,2000,20
N24211,1998,22
N24212,1998,22
N24224,1998,22
N24702,2005,15
N24706,1998,22
N24715,1998,22
N24729,1999,21
N24736,1999,21
N24972,2018,2
N24973,2018,2
N24974,2018,2
N25201,1999,21
N2534U,2017,3
N25705,1998,22
N26123,2005,15
N26208,2000,20
N26210,1998,22
N26215,1998,22
N26226,1998,22
N26232,2005,15
N2639U,2017,3
N2644U,2017,3
N2645U,2018,2
N26902,2012,8
N26906,2012,8
N26909,2014,6
N26910,2014,6
N26952,2015,5
N26960,2015,5
N26966,2016,4
N26967,2016,4
N26970,2017,3
N27015,2000,20
N27205,2000,20
N27213,1998,22
N27239,1999,21
N27246,1999,21
N2737U,2017,3
N27421,2008,12
N27477,2013,7
N2747U,2018,2
N2748U,2018,2
N2749U,2019,1
N27503,2018,2
N27509,2018,2
N27511,2018,2
N27722,1999,21
N27724,1999,21
N27733,1999,21
N27734,1999,21
N27901,2012,8
N27903,2012,8
N27908,2013,7
N27957,2015,5
N27958,2015,5
N27959,2015,5
N27964,2016,4
N27965,2016,4
N28457,2012,8
N2846U,2018,2
N28478,2013,7
N28912,2014,6
N29124,2005,15
N29129,1998,22
N29717,2005,15
N29907,2013,7
N29961,2015,5
N29968,2016,4
N29971,2017,3
N30401,2001,19
N30913,2014,6
N31412,2002,18
N32404,2001,19
N33103,1994,26
N33132,1998,22
N33203,2000,20
N33209,2000,20
N33262,2001,19
N33264,2001,19
N33266,2001,19
N33284,2004,16
N33286,2004,16
N33289,2004,16
N33292,2004,16
N33294,2005,15
N33714,1998,22
N34131,1998,22
N34137,1999,21
N34222,1998,22
N34282,2005,15
N34455,2012,8
N34460,2012,8
N35204,2000,20
N35236,1999,21
N35260,2005,15
N35271,2001,19
N35407,2001,19
N35953,2015,5
N36207,2000,20
N36247,2005,15
N36272,2001,19
N36280,2003,17
N36444,2010,10
N36447,2012,8
N36469,2005,15
N36472,2013,7
N36476,2013,7
N36962,2015,5
N37018,2002,18
N37252,2000,20
N37253,2000,20
N37255,2000,20
N37263,2001,19
N37267,2001,19
N37273,2001,19
N37274,2002,18
N37277,2002,18
N37281,2003,17
N37287,2004,16
N37290,2004,16
N37293,2005,15
N37298,2005,15
N37408,2001,19
N37409,2001,19
N37413,2005,15
N37419,2008,12
N37420,2008,12
N37422,2008,12
N37427,2008,12
N37434,2009,11
N37437,2009,11
N37456,2012,8
N37462,2012,8
N37464,2012,8
N37465,2013,7
N37466,2013,7
N37468,2013,7
N37470,2005,15
N37471,2005,15
N37474,2013,7
N37502,2018,2
N37504,2018,2
N37506,2018,2
N37507,2005,15
N37508,2005,15
N37510,2019,1
N37513,2019,1
N37514,2005,15
N38257,2000,20
N38268,2001,19
N38403,2001,19
N38417,2008,12
N38424,2008,12
N38443,2010,10
N38446,2012,8
N38451,2012,8
N38454,2012,8
N38458,2012,8
N38459,2012,8
N38467,2013,7
N38473,2013,7
N38479,2016,4
N38727,1999,21
N38950,2014,6
N38955,2015,5
N39297,2005,15
N39415,2008,12
N39416,2008,12
N39418,2008,12
N39423,2005,15
N39450,2005,15
N39461,2012,8
N39463,2012,8
N39475,2013,7
N39726,1999,21
N39728,1999,21
N401UA,1993,27
N402UA,1993,27
N403UA,1993,27
N404UA,1993,27
N405UA,1993,27
N406UA,1994,26
N407UA,1994,26
N408UA,1994,26
N409UA,1994,26
N410UA,1994,26
N41135,1999,21
N41140,2000,20
N411UA,1994,26
N412UA,1994,26
N413UA,1994,26
N414UA,1994,26
N415UA,1994,26
N416UA,1994,26
N417UA,1994,26
N418UA,1994,26
N419UA,1994,26
N420UA,1994,26
N421UA,1994,26
N422UA,1995,25
N423UA,1995,25
N424UA,1995,25
N425UA,1995,25
N426UA,1995,25
N427UA,1995,25
N428UA,1995,25
N429UA,1995,25
N430UA,1996,24
N431UA,1996,24
N432UA,1996,24
N433UA,2005,15
N434UA,2005,15
N435UA,2005,15
N436UA,2005,15
N437UA,2005,15
N438UA,2005,15
N439UA,2005,15
N440UA,2005,15
N441UA,2005,15
N442UA,2005,15
N443UA,2005,15
N444UA,2005,15
N445UA,2005,15
N446UA,2005,15
N447UA,2005,15
N448UA,2005,15
N449UA,2005,15
N451UA,2005,15
N452UA,2005,15
N453UA,2005,15
N45440,2009,11
N454UA,2005,15
N455UA,2005,15
N456UA,2005,15
N457UA,2005,15
N458UA,2005,15
N45905,2012,8
N45956,2015,5
N459UA,2005,15
N460UA,2005,15
N461UA,2005,15
N462UA,2005,15
N463UA,2005,15
N464UA,2005,15
N465UA,2005,15
N466UA,2005,15
N467UA,2005,15
N468UA,2005,15
N469UA,2005,15
N470UA,2005,15
N471UA,2005,15
N472UA,2005,15
N473UA,2005,15
N47414,2005,15
N474UA,2005,15
N47505,2018,2
N47512,2019,1
N475UA,2005,15
N476UA,2005,15
N477UA,2005,15
N478UA,2005,15
N479UA,2005,15
N480UA,2005,15
N48127,1998,22
N481UA,2001,19
N482UA,2001,19
N483UA,2001,19
N484UA,2001,19
N485UA,2001,19
N486UA,2005,15
N487UA,2005,15
N4888U,2007,13
N488UA,2005,15
N489UA,2002,18
N4901U,2006,14
N490UA,2005,15
N491UA,2005,15
N492UA,2005,15
N493UA,2005,15
N494UA,2005,15
N495UA,2005,15
N496UA,2005,15
N497UA,2005,15
N498UA,2005,15
N502UA,1989,31
N505UA,2005,15
N510UA,1990,30
N512UA,1990,30
N518UA,1990,30
N53441,2005,15
N53442,2009,11
N54241,1999,21
N546UA,1991,29
N54711,1998,22
N56859,2004,16
N568UA,2005,15
N57016,2000,20
N57111,1994,26
N57439,2009,11
N57852,2001,19
N57855,2005,15
N57857,2004,16
N57862,2001,19
N57863,2001,19
N57864,2001,19
N57868,2002,18
N57869,2002,18
N57870,2003,17
N58101,1994,26
N587UA,2005,15
N588UA,2005,15
N589UA,2005,15
N59053,2000,20
N590UA,2005,15
N595UA,2005,15
N596UA,2005,15
N597UA,2005,15
N598UA,2005,15
N61881,2015,5
N61882,2015,5
N61886,2015,5
N61887,2015,5
N61898,2016,4
N62849,2005,15
N62883,2015,5
N62884,2015,5
N62889,2015,5
N62892,2015,5
N62894,2016,4
N62895,2016,4
N62896,2016,4
N63820,2014,6
N63890,2015,5
N63899,2016,4
N641UA,1991,29
N642UA,1991,29
N643UA,1991,29
N644UA,1991,29
N646UA,1992,28
N647UA,1992,28
N64809,2013,7
N64844,2015,5
N648UA,1992,28
N649UA,2005,15
N651UA,2005,15
N652UA,1992,28
N653UA,2005,15
N654UA,1992,28
N655UA,1992,28
N656UA,1993,27
N657UA,1993,27
N65832,2014,6
N658UA,1993,27
N659UA,1993,27
N66051,2000,20
N66056,2001,19
N66057,2005,15
N660UA,1993,27
N661UA,1993,27
N662UA,2005,15
N663UA,2005,15
N664UA,2005,15
N665UA,1998,22
N666UA,2005,15
N667UA,2005,15
N66803,2013,7
N66808,2013,7
N66814,2014,6
N66825,2014,6
N66828,2005,15
N66831,2014,6
N66837,2014,6
N66841,2015,5
N66848,2015,5
N66893,2016,4
N66897,2016,4
N668UA,2005,15
N669UA,2005,15
N67052,2000,20
N67058,2005,15
N670UA,2005,15
N67134,1999,21
N671UA,2005,15
N672UA,2005,15
N673UA,2005,15
N674UA,2005,15
N67501,2018,2
N675UA,2005,15
N676UA,2005,15
N677UA,2005,15
N67812,2014,6
N67815,2014,6
N67827,2014,6
N67845,2015,5
N67846,2015,5
N68061,2002,18
N68452,2012,8
N68453,2012,8
N684UA,2002,18
N685UA,2002,18
N686UA,2003,17
N68801,2013,7
N68802,2013,7
N68805,2013,7
N68807,2005,15
N68811,2014,6
N68817,2014,6
N68821,2014,6
N68822,2014,6
N68823,2014,6
N68834,2014,6
N68836,2014,6
N68842,2015,5
N68843,2015,5
N68880,2015,5
N68891,2015,5
N69020,2007,13
N69059,2002,18
N69063,2002,18
N69804,2013,7
N69806,2013,7
N69810,2013,7
N69813,2014,6
N69816,2014,6
N69818,2014,6
N69819,2014,6
N69824,2014,6
N69826,2014,6
N69829,2014,6
N69830,2014,6
N69833,2014,6
N69835,2014,6
N69838,2014,6
N69839,2014,6
N69840,2015,5
N69847,2015,5
N69885,2015,5
N69888,2015,5
N71411,2005,15
N72405,2001,19
N73251,2000,20
N73256,2000,20
N73259,2001,19
N73270,2001,19
N73275,2002,18
N73276,2002,18
N73278,2003,17
N73283,2004,16
N73291,2004,16
N73299,2005,15
N73406,2001,19
N73445,2011,9
N73860,2001,19
N74007,1999,21
N74856,2005,15
N75410,2001,19
N75425,2008,12
N75426,2008,12
N75428,2008,12
N75429,2008,12
N75432,2009,11
N75433,2009,11
N75435,2009,11
N75436,2009,11
N75851,2001,19
N75853,2002,18
N75854,2002,18
N75858,2004,16
N75861,2001,19
N76010,1999,21
N76021,2010,10
N76054,2000,20
N76055,2001,19
N76062,2002,18
N76064,2002,18
N76065,2002,18
N76254,2000,20
N76265,2001,19
N76269,2001,19
N76288,2004,16
N76502,2006,14
N76503,2006,14
N76504,2006,14
N76505,2006,14
N76508,2008,12
N76514,2008,12
N76515,2008,12
N76516,2008,12
N76517,2008,12
N76519,2010,10
N76522,2010,10
N76523,2010,10
N76526,2010,10
N76528,2010,10
N76529,2010,10
N76532,2016,4
N76533,2016,4
N768UA,2005,15
N769UA,2005,15
N77006,1998,22
N77012,1999,21
N77014,1999,21
N77019,2007,13
N77022,2010,10
N77066,2002,18
N771UA,2005,15
N77258,2000,20
N77261,2001,19
N77295,2005,15
N77296,2005,15
N772UA,1995,25
N773UA,2005,15
N77430,2005,15
N77431,2005,15
N774UA,2005,15
N77510,2008,12
N77518,2008,12
N77520,2010,10
N77525,2010,10
N77530,2011,9
N77535,2016,4
N77536,2016,4
N77537,2016,4
N77538,2016,4
N77539,2017,3
N77542,2017,3
N775UA,2005,15
N776UA,2005,15
N777UA,1995,25
N77865,2002,18
N77867,2002,18
N77871,2003,17
N778UA,2005,15
N779UA,2005,15
N78001,1998,22
N78002,1998,22
N78003,1998,22
N78004,1998,22
N78005,1998,22
N78008,1999,21
N78009,1999,21
N78013,1999,21
N78017,2002,18
N78060,2002,18
N780UA,2005,15
N781UA,2005,15
N78285,2004,16
N782UA,2005,15
N783UA,2005,15
N78438,2009,11
N78448,2012,8
N784UA,2005,15
N78501,2006,14
N78506,2006,14
N78509,2008,12
N78511,2008,12
N78524,2010,10
N78540,2017,3
N785UA,2005,15
N786UA,2005,15
N787UA,2005,15
N78866,2002,18
N788UA,2005,15
N79011,1999,21
N791UA,2005,15
N79279,2003,17
N792UA,1997,23
N793UA,2005,15
N79402,2001,19
N794UA,2005,15
N79521,2010,10
N79541,2017,3
N795UA,2005,15
N796UA,2005,15
N797UA,2005,15
N798UA,2005,15
N799UA,2005,15
N801UA,2005,15
N802UA,2005,15
N803UA,2005,15
N804UA,2005,15
N805UA,2005,15
N806UA,2005,15
N807UA,2005,15
N808UA,2005,15
N809UA,2005,15
N810UA,2005,15
N811UA,2005,15
N812UA,2005,15
N813UA,2005,15
N81449,2012,8
N814UA,2005,15
N815UA,2005,15
N816UA,2005,15
N817UA,2005,15
N818UA,2005,15
N819UA,2005,15
N820UA,2005,15
N821UA,2005,15
N822UA,2005,15
N823UA,2005,15
N824UA,2005,15
N825UA,2005,15
N826UA,2005,15
N827UA,2005,15
N828UA,2005,15
N829UA,2005,15
N830UA,2005,15
N831UA,2005,15
N832UA,2005,15
N833UA,2005,15
N834UA,2005,15
N835UA,2005,15
N836UA,2005,15
N837UA,2005,15
N838UA,2005,15
N839UA,2005,15
N840UA,2005,15
N841UA,2005,15
N842UA,2005,15
N843UA,2005,15
N844UA,2005,15
N845UA,2005,15
N846UA,2005,15
N847UA,2001,19
N848UA,2005,15
N849UA,2005,15
N850UA,2005,15
N851UA,2005,15
N852UA,2005,15
N853UA,2005,15
N854UA,2002,18
N855UA,2002,18
N86534,2016,4
N871UA,2003,17
N87507,2005,15
N87512,2008,12
N87513,2008,12
N87527,2010,10
N87531,2011,9
N876UA,2004,16
N877UA,2004,16
N878UA,2005,15
N889UA,2005,15
N890UA,2006,14
N891UA,2006,14
N892UA,2006,14
N893UA,2006,14
N894UA,2006,14
N895UA,2007,13
N896UA,2007,13
N897UA,2007,13
N898UA,2007,13
N899UA,2007,13
N91007,2017,3
N132EV,2009,11
N133EV,2009,11
N134EV,2009,11
N135EV,2009,11
N136EV,2009,11
N137EV,2009,11
N138EV,2009,11
N176PQ,2008,12
N181PQ,2008,12
N186PQ,2008,12
N228PQ,2009,11
N232PQ,2009,11
N272PQ,2013,7
N279PQ,2013,7
N292PQ,2013,7
N293PQ,2013,7
N294PQ,2013,7
N295PQ,2013,7
N296PQ,2013,7
N297PQ,2013,7
N298PQ,2013,7
N299PQ,2008,12
N300PQ,2013,7
N301PQ,2013,7
N302PQ,2014,6
N303PQ,2014,6
N304PQ,2014,6
N305PQ,2014,6
N306PQ,2014,6
N307PQ,2014,6
N308PQ,2014,6
N309PQ,2014,6
N310PQ,2014,6
N311PQ,2014,6
N313PQ,2014,6
N314PQ,2014,6
N315PQ,2014,6
N316PQ,2014,6
N317CA,2002,18
N319PQ,2014,6
N320PQ,2014,6
N324PQ,2014,6
N325PQ,2014,6
N326PQ,2014,6
N329PQ,2014,6
N330PQ,2014,6
N331CA,2002,18
N331PQ,2014,6
N335PQ,2014,6
N336PQ,2014,6
N337PQ,2014,6
N341PQ,2014,6
N348PQ,2015,5
N349PQ,2015,5
N367CA,2002,18
N368CA,2003,17
N376CA,2003,17
N390CA,2003,17
N478PX,2008,12
N479PX,2019,1
N600LR,2007,13
N601LR,2007,13
N602LR,2008,12
N604LR,2007,13
N605LR,2008,12
N655CA,2008,12
N668CA,2004,16
N686BR,2003,17
N800AY,2004,16
N801AY,2004,16
N819AY,2005,15
N820AY,2005,15
N832AY,2005,15
N833AY,2005,15
N834AY,2005,15
N835AY,2005,15
N836AY,2005,15
N840AY,2005,15
N8683B,2002,18
N8688C,2002,18
N8694A,2002,18
N8721B,2002,18
N8775A,2003,17
N8783E,2003,17
N8836A,2003,17
N8837B,2003,17
N8839E,2003,17
N8847A,2003,17
N8869B,2003,17
N8877A,2003,17
N8883E,2003,17
N8886A,2003,17
N8888D,2003,17
N8891A,2004,16
N8894A,2008,12
N8896A,2004,16
N8908D,2004,16
N8918B,2004,16
N8928A,2004,16
N8936A,2004,16
N8943A,2004,16
N8946A,2004,16
N8969A,2004,16
N8970D,2004,16
N8972E,2004,16
N8974C,2004,16
N8976E,2004,16
N8980A,2004,16
N8986B,2008,12
N901XJ,2007,13
N902XJ,2007,13
N903XJ,2007,13
N904XJ,2007,13
N905XJ,2007,13
N906XJ,2007,13
N907XJ,2007,13
N908XJ,2007,13
N909XJ,2007,13
N910XJ,2007,13
N912XJ,2007,13
N913XJ,2007,13
N914XJ,2007,13
N915XJ,2007,13
N916XJ,2008,12
N917XJ,2007,13
N918XJ,2007,13
N919XJ,2008,12
N920XJ,2008,12
N921XJ,2008,12
N922XJ,2008,12
N923XJ,2008,12
N924EV,2003,17
N924XJ,2008,12
N925XJ,2008,12
N926XJ,2008,12
N927EV,2003,17
N927XJ,2008,12
N928XJ,2008,12
N929XJ,2008,12
N930XJ,2008,12
N931XJ,2008,12
N932XJ,2008,12
N933XJ,2008,12
N934XJ,2008,12
N935XJ,2008,12
N936XJ,2008,12
N937XJ,2008,12
N980EV,2008,12
N981EV,2008,12
N151GJ,2005,15
N152GJ,2005,15
N153GJ,2005,15
N154GJ,2005,15
N155GJ,2005,15
N156GJ,2005,15
N157GJ,2005,15
N158GJ,2005,15
N159GJ,2005,15
N160GJ,2005,15
N161GJ,2005,15
N162GJ,2005,15
N163GJ,2005,15
N164GJ,2005,15
N165GJ,2005,15
N166GJ,2005,15
N167GJ,2005,15
N168GJ,2005,15
N169GJ,2005,15
N170GJ,2005,15
N171GJ,2005,15
N172GJ,2005,15
N173GJ,2005,15
N174GJ,2005,15
N175GJ,2005,15
N181GJ,2008,12
N182GJ,2008,12
N183GJ,2008,12
N184GJ,2008,12
N185GJ,2008,12
N186GJ,2008,12
N187GJ,2008,12
N340CA,2002,18
N354CA,2002,18
N355CA,2002,18
N369CA,2005,15
N374CA,2005,15
N378CA,2005,15
N379CA,2003,17
N501GJ,2001,19
N502GJ,2001,19
N503GJ,2005,15
N504GJ,2002,18
N506GJ,2005,15
N531GJ,2005,15
N535GJ,2005,15
N536GJ,2005,15
N538GJ,2006,14
N539GJ,2005,15
N540GJ,2006,14
N541GJ,2005,15
N543GJ,2006,14
N545GJ,2006,14
N546GJ,2008,12
N547GJ,2009,11
N549GJ,2009,11
N551GJ,2009,11
N642CA,2005,15
N653CA,2005,15
N655CA,2005,15
N656CA,2004,16
N658CA,2004,16
N659CA,2004,16
N669CA,2004,16
N690CA,2005,15
N178JB,2005,15
N179JB,2005,15
N183JB,2005,15
N184JB,2005,15
N187JB,2005,15
N190JB,2005,15
N192JB,2005,15
N193JB,2005,15
N197JB,2006,14
N198JB,2006,14
N2002J,2019,1
N2016J,2019,1
N2017J,2019,1
N2029J,2019,1
N2038J,2019,1
N203JB,2006,14
N206JB,2006,14
N216JB,2006,14
N228JB,2006,14
N229JB,2006,14
N231JB,2006,14
N236JB,2006,14
N238JB,2008,12
N239JB,2006,14
N247JB,2006,14
N249JB,2006,14
N258JB,2006,14
N265JB,2006,14
N266JB,2007,13
N267JB,2007,13
N273JB,2007,13
N274JB,2007,13
N279JB,2007,13
N281JB,2007,13
N283JB,2007,13
N284JB,2008,12
N292JB,2008,12
N294JB,2008,12
N296JB,2008,12
N298JB,2009,11
N304JB,2009,11
N306JB,2009,11
N307JB,2009,11
N309JB,2009,11
N316JB,2009,11
N317JB,2010,10
N318JB,2010,10
N323JB,2010,10
N324JB,2010,10
N328JB,2011,9
N329JB,2011,9
N334JB,2011,9
N337JB,2011,9
N339JB,2011,9
N346JB,2011,9
N348JB,2012,8
N351JB,2012,8
N353JB,2012,8
N354JB,2013,7
N355JB,2013,7
N358JB,2013,7
N368JB,2013,7
N373JB,2013,7
N374JB,2013,7
N375JB,2013,7
N503JB,1999,21
N504JB,2008,12
N505JB,2000,20
N506JB,2000,20
N507JB,1979,41
N507JT,2000,20
N508JB,2007,13
N508JL,2000,20
N509JB,2000,20
N510JB,2000,20
N516JB,2000,20
N517JB,2000,20
N519JB,2001,19
N520JB,2001,19
N521JB,2001,19
N523JB,2001,19
N524JB,2001,19
N526JB,2008,12
N526JL,2001,19
N527JB,2008,12
N527JL,2001,19
N529JB,2001,19
N531JB,2008,12
N531JL,2008,12
N534JB,2002,18
N535JB,2002,18
N536JB,2002,18
N537JB,2012,8
N537JT,2002,18
N547JB,2002,18
N552JB,2002,18
N554JB,2002,18
N556JB,2002,18
N558JB,2003,17
N559JB,2003,17
N561JB,2003,17
N562JB,2003,17
N563JB,2003,17
N564JB,2003,17
N565JB,2003,17
N566JB,2003,17
N568JB,2003,17
N569JB,2003,17
N570JB,2003,17
N571JB,2008,12
N579JB,2003,17
N580JB,2003,17
N583JB,2004,16
N584JB,2004,16
N585JB,2004,16
N586JB,2004,16
N587JB,2004,16
N588JB,2004,16
N589JB,2004,16
N590JB,2004,16
N591JB,2004,16
N592JB,2004,16
N593JB,2004,16
N594JB,2004,16
N595JB,2004,16
N597JB,2004,16
N598JB,2004,16
N599JB,2004,16
N603JB,2005,15
N605JB,2005,15
N606JB,2005,15
N607JB,2005,15
N608JB,2005,15
N612JB,2005,15
N613JB,2005,15
N615JB,2005,15
N618JB,2005,15
N621JB,2005,15
N623JB,2005,15
N624JB,2005,15
N625JB,2005,15
N627JB,2005,15
N629JB,2005,15
N630JB,2005,15
N632JB,2006,14
N633JB,2006,14
N634JB,2006,14
N635JB,2006,14
N636JB,2006,14
N637JB,2006,14
N638JB,2006,14
N639JB,2006,14
N640JB,2006,14
N641JB,2006,14
N643JB,2006,14
N644JB,2006,14
N645JB,2006,14
N646JB,2006,14
N648JB,2006,14
N649JB,2006,14
N651JB,2007,13
N652JB,2007,13
N653JB,2007,13
N655JB,2007,13
N656JB,2007,13
N657JB,2007,13
N658JB,2007,13
N659JB,2007,13
N661JB,2007,13
N662JB,2007,13
N663JB,2007,13
N665JB,2007,13
N703JB,2008,12
N705JB,2008,12
N706JB,2008,12
N708JB,2008,12
N709JB,2008,12
N712JB,2008,12
N715JB,2008,12
N729JB,2008,12
N746JB,2008,12
N760JB,2008,12
N763JB,2008,12
N766JB,2008,12
N768JB,2009,11
N775JB,2009,11
N779JB,2009,11
N784JB,2011,9
N789JB,2011,9
N793JB,2011,9
N794JB,2008,12
N796JB,2012,8
N804JB,2012,8
N805JB,2012,8
N806JB,2012,8
N807JB,2012,8
N809JB,2012,8
N821JB,2012,8
N827JB,2013,7
N828JB,2013,7
N834JB,2013,7
N903JB,2013,7
N905JB,2013,7
N907JB,2013,7
N913JB,2013,7
N923JB,2014,6
N929JB,2014,6
N934JB,2014,6
N935JB,2014,6
N937JB,2014,6
N942JB,2014,6
N943JB,2008,12
N943JT,2014,6
N944JB,2008,12
N944JT,2014,6
N945JB,2001,19
N945JT,2014,6
N946JB,2008,12
N946JL,2015,5
N947JB,2015,5
N948JB,2015,5
N949JB,2009,11
N949JT,2015,5
N950JB,2005,15
N950JT,2015,5
N952JB,2015,5
N954JB,2015,5
N955JB,2015,5
N956JB,2008,12
N956JT,2015,5
N957JB,2015,5
N958JB,2015,5
N959JB,2015,5
N961JB,2006,14
N961JT,2016,4
N962JB,2008,12
N962JT,2016,4
N964JB,2012,8
N964JT,2016,4
N965JB,1997,23
N965JT,2016,4
N966JB,2013,7
N966JT,2016,4
N967JB,2008,12
N967JT,2016,4
N968JB,2008,12
N968JT,2016,4
N969JB,2005,15
N969JT,2016,4
N970JB,2016,4
N971JB,2008,12
N971JT,2016,4
N972JB,2006,14
N972JT,2016,4
N973JB,2008,12
N973JT,2018,2
N974JB,2009,11
N974JT,2016,4
N975JB,2015,5
N975JT,2017,3
N976JB,2017,3
N976JT,2017,3
N977JB,2008,12
N977JE,2008,12
N978JB,2008,12
N979JB,2008,12
N979JT,2008,12
N980JB,2008,12
N980JT,2008,12
N981JB,2008,12
N981JT,2008,12
N982JB,2008,12
N983JB,2008,12
N983JT,2008,12
N984JB,2008,12
N985JB,2008,12
N985JT,2008,12
N986JB,2008,12
N987JB,2008,12
N987JT,2008,12
N988JB,2008,12
N988JT,2008,12
N989JB,2008,12
N989JT,2008,12
N990JB,2008,12
N990JL,2008,12
N991JB,2008,12
N991JT,2008,12
N992JB,2008,12
N993JB,2008,12
N993JE,2008,12
N994JB,2008,12
N994JL,2008,12
N995JB,2008,12
N995JL,2008,12
N996JB,2008,12
N996JL,2008,12
N997JB,2008,12
N997JL,2018,2
N998JB,2008,12
N998JE,2018,2
N999JB,2008,12
N999JQ,2018,2
N200NN,2015,5
N201NN,2015,5
N202NN,2015,5
N203NN,2015,5
N204NN,2015,5
N205NN,2015,5
N206NN,2015,5
N207AN,2015,5
N208AN,2015,5
N209NN,2015,5
N210NN,2015,5
N211NN,2015,5
N212NN,2015,5
N213NN,2015,5
N214NN,2015,5
N215NN,2015,5
N216NN,2015,5
N217NN,2015,5
N218NN,2015,5
N219NN,2015,5
N602CZ,2013,7
N603CZ,2007,13
N604CZ,2007,13
N605CZ,2013,7
N606CZ,2013,7
N607CZ,2007,13
N608CZ,2013,7
N609CZ,2013,7
N610CZ,2007,13
N612CZ,2013,7
N613CZ,2008,12
N614CZ,2008,12
N615CZ,2013,7
N616CZ,2013,7
N617CZ,2013,7
N619CZ,2013,7
N620CZ,2013,7
N621CZ,2013,7
N622CZ,2013,7
N623CZ,2013,7
N624CZ,2013,7
N625CZ,2013,7
N626CZ,2013,7
N627CZ,2013,7
N628CZ,2013,7
N629CZ,2013,7
N630CZ,2013,7
N631CZ,2013,7
N632CZ,2013,7
N633CZ,2013,7
N634CZ,2013,7
N635CZ,2013,7
N636CZ,2013,7
N637CZ,2013,7
N638CZ,2013,7
N639CZ,2013,7
N200WN,2005,15
N201LV,2005,15
N202WN,2005,15
N203WN,2005,15
N204WN,2005,15
N205WN,2005,15
N206WN,2005,15
N207WN,2005,15
N208WN,2005,15
N209WN,2005,15
N210WN,2005,15
N211WN,2005,15
N212WN,2005,15
N213WN,2005,15
N214WN,2005,15
N215WN,2005,15
N216WR,2005,15
N217JC,2005,15
N218WN,2005,15
N219WN,2005,15
N220WN,2005,15
N221WN,2005,15
N222WN,2005,15
N223WN,2005,15
N224WN,2005,15
N225WN,2005,15
N226WN,2005,15
N227WN,2005,15
N228WN,2005,15
N229WN,2006,14
N230WN,2006,14
N231WN,2006,14
N232WN,2006,14
N233LV,2006,14
N234WN,2006,14
N235WN,2006,14
N236WN,2006,14
N237WN,2006,14
N238WN,2005,15
N239WN,2006,14
N240WN,2006,14
N241WN,2006,14
N242WN,2006,14
N243WN,2006,14
N244WN,2006,14
N245WN,2008,12
N246LV,2006,14
N247WN,2006,14
N248WN,2006,14
N249WN,2006,14
N250WN,2006,14
N251WN,2006,14
N252WN,2006,14
N253WN,2006,14
N254WN,2006,14
N255WN,2006,14
N256WN,2008,12
N257WN,2006,14
N258WN,2006,14
N259WN,2006,14
N260WN,2006,14
N261WN,2006,14
N262WN,2006,14
N263WN,2007,13
N264LV,2007,13
N265WN,2007,13
N266WN,2007,13
N267WN,2007,13
N268WN,2007,13
N269WN,2007,13
N270WN,1998,22
N271LV,2008,12
N272WN,2007,13
N273WN,2007,13
N274WN,2007,13
N275WN,2007,13
N276WN,2007,13
N277WN,2007,13
N278WN,2007,13
N279WN,2007,13
N280WN,2007,13
N281WN,2007,13
N282WN,2007,13
N283WN,2007,13
N284WN,2007,13
N285WN,2007,13
N286WN,2004,16
N287WN,2007,13
N288WN,2007,13
N289CT,2007,13
N290WN,2007,13
N291WN,2008,12
N292WN,2007,13
N293WN,2007,13
N294WN,2007,13
N295WN,2007,13
N296WN,2007,13
N297WN,2007,13
N298WN,2008,12
N299WN,2008,12
N400WN,2001,19
N401WN,2001,19
N402WN,2001,19
N403WN,2001,19
N404WN,2001,19
N405WN,2001,19
N406WN,2001,19
N407WN,2001,19
N408WN,2001,19
N409WN,2001,19
N410WN,2001,19
N411WN,2001,19
N412WN,2001,19
N413WN,2001,19
N414WN,2001,19
N415WN,2001,19
N416WN,2001,19
N417WN,2001,19
N418WN,2001,19
N419WN,2001,19
N420WN,2001,19
N421LV,2001,19
N422WN,2002,18
N423WN,2002,18
N424WN,2002,18
N425LV,2002,18
N426WN,2002,18
N427WN,2002,18
N428WN,2002,18
N429WN,2002,18
N430WN,2002,18
N431WN,2002,18
N432WN,2003,17
N433LV,2003,17
N434WN,2003,17
N435WN,2003,17
N436WN,2003,17
N437WN,2003,17
N438WN,2003,17
N439WN,2003,17
N440LV,2003,17
N441WN,2003,17
N442WN,2003,17
N443WN,2003,17
N444WN,2003,17
N445WN,2003,17
N446WN,2003,17
N447WN,2003,17
N448WN,2003,17
N449WN,2003,17
N450WN,2004,16
N451WN,2004,16
N452WN,2004,16
N453WN,2004,16
N454WN,2004,16
N455WN,2004,16
N456WN,2004,16
N457WN,2004,16
N458WN,2004,16
N459WN,2004,16
N460WN,2004,16
N461WN,2004,16
N462WN,2004,16
N463WN,2004,16
N464WN,2004,16
N465WN,2004,16
N466WN,2004,16
N467WN,2004,16
N468WN,2004,16
N469WN,2008,12
N470WN,2004,16
N472WN,2004,16
N473WN,2004,16
N474WN,2008,12
N475WN,2004,16
N476WN,2004,16
N477WN,2004,16
N478WN,2004,16
N479WN,2004,16
N480WN,2004,16
N481WN,2004,16
N482WN,2004,16
N483WN,2004,16
N484WN,2004,16
N485WN,2004,16
N486WN,2004,16
N487WN,2004,16
N488WN,2004,16
N489WN,2004,16
N490WN,2004,16
N491WN,2004,16
N492WN,2004,16
N493WN,2004,16
N494WN,2004,16
N495WN,2004,16
N496WN,2004,16
N497WN,2004,16
N498WN,2005,15
N499WN,2005,15
N500WR,2014,6
N550WN,2001,19
N551WN,2001,19
N552WN,2002,18
N553WN,2002,18
N554WN,2002,18
N555LV,2011,9
N556WN,2011,9
N557WN,2000,20
N558WN,2002,18
N559WN,2002,18
N560WN,2000,20
N561WN,2003,17
N562WN,2000,20
N563WN,2002,18
N564WN,2008,12
N565WN,2002,18
N566WN,2002,18
N567WN,2002,18
N568WN,2001,19
N569WN,2002,18
N570WN,2002,18
N700GS,1997,23
N701GS,1997,23
N703SW,2008,12
N704SW,1998,22
N705SW,1998,22
N706SW,1998,22
N707SA,2008,12
N708SW,1998,22
N709SW,1998,22
N710SW,1998,22
N711HK,1998,22
N712SW,1998,22
N713SW,1998,22
N714CB,1998,22
N715SW,1998,22
N716SW,1998,22
N717SA,1998,22
N718SW,1998,22
N719SW,1998,22
N720WN,1998,22
N723SW,1999,21
N724SW,1999,21
N725SW,1999,21
N726SW,1999,21
N727SW,1999,21
N728SW,1999,21
N729SW,1999,21
N730SW,1999,21
N731SA,1999,21
N732SW,1999,21
N733SA,1999,21
N734SA,1999,21
N735SA,1999,21
N736SA,1999,21
N737JW,1999,21
N738CB,1999,21
N739GB,1998,22
N740SW,2008,12
N741SA,1998,22
N742SW,1998,22
N743SW,1998,22
N744SW,1999,21
N745SW,1999,21
N746SW,1999,21
N747SA,1999,21
N748SW,1999,21
N749SW,1999,21
N750SA,1999,21
N751SW,2008,12
N752SW,1999,21
N754SW,1999,21
N755SA,1999,21
N756SA,2008,12
N757LV,1999,21
N758SW,1999,21
N759GS,2008,12
N760SW,2000,20
N761RR,2008,12
N762SW,2000,20
N763SW,2000,20
N764SW,2008,12
N765SW,2000,20
N766SW,2008,12
N767SW,2008,12
N768SW,2000,20
N769SW,2000,20
N7701B,2008,12
N7702A,2004,16
N7703A,2004,16
N7704B,2004,16
N7705A,2008,12
N7706A,2004,16
N7707C,2004,16
N7708E,2004,16
N7709A,2005,15
N770SA,2000,20
N7710A,2005,15
N7711N,2005,15
N7712G,2005,15
N7713A,2005,15
N7714B,2004,16
N7715E,2005,15
N7716A,2005,15
N7717D,2005,15
N7718B,2005,15
N7719A,2005,15
N771SA,2000,20
N7720F,2006,14
N7721E,2006,14
N7722B,2006,14
N7723E,2006,14
N7724A,2009,11
N7725A,2006,14
N7726A,2006,14
N7727A,2006,14
N7728D,2006,14
N7729A,2006,14
N772SW,2000,20
N7730A,2006,14
N7731A,2006,14
N7732A,2006,14
N7733B,2006,14
N7734H,2006,14
N7735A,2006,14
N7736A,2006,14
N7737E,2006,14
N7738A,2006,14
N7739A,2006,14
N773SA,2000,20
N7740A,2007,13
N7741C,2007,13
N7742B,2007,13
N7743B,2008,12
N7744A,2008,12
N7745A,2007,13
N7746C,2007,13
N7747C,2007,13
N7748A,2007,13
N7749B,2009,11
N774SW,2000,20
N7750A,2008,12
N7751A,2008,12
N7752B,2008,12
N775SW,2000,20
N776WN,2000,20
N777QC,2000,20
N778SW,2000,20
N779SW,2000,20
N780SW,2000,20
N7811F,2008,12
N7812G,2008,12
N7813P,2001,19
N7814B,2001,19
N7815L,2003,17
N7816B,2008,12
N7817J,2000,20
N7818L,1999,21
N7819A,2002,18
N781WN,2000,20
N7820L,2002,18
N7821L,2003,17
N7822A,2001,19
N7823A,2003,17
N7824A,2001,19
N7825A,2003,17
N7826B,2003,17
N7827A,2003,17
N7828A,2003,17
N7829B,2003,17
N782SA,2000,20
N7830A,2008,12
N7831B,2003,17
N7832A,2003,17
N7833A,2003,17
N7834A,2004,16
N7835A,2005,15
N7836A,1999,21
N7837A,2003,17
N7838A,2000,20
N7839A,2001,19
N783SW,2000,20
N7840A,2000,20
N7841A,2008,12
N7842A,2000,20
N7843A,2006,14
N7844A,2007,13
N7845A,2006,14
N7846A,2007,13
N7847A,2005,15
N7848A,2005,15
N7849A,2006,14
N784SW,2000,20
N7850B,2001,19
N7851A,2001,19
N7852A,2006,14
N7853B,2001,19
N7854B,2006,14
N7855A,2005,15
N7856A,2001,19
N7857B,2005,15
N7858A,2005,15
N7859B,2002,18
N785SW,2000,20
N7860A,2005,15
N7861J,2005,15
N7862A,2005,15
N7863A,2002,18
N7864B,2001,19
N7865A,2002,18
N7866A,2002,18
N7867A,2008,12
N7868K,2001,19
N7869A,2006,14
N786SW,2000,20
N7873A,2004,16
N7874B,2004,16
N7875A,2004,16
N7876A,2004,16
N7877H,2005,15
N7878A,2005,15
N7879A,2005,15
N787SA,2000,20
N7880D,2008,12
N7881A,2008,12
N7882B,2008,12
N7883A,2008,12
N7884G,2008,12
N7885A,2002,18
N7886A,2007,13
N7887A,2007,13
N7888A,2007,13
N7889A,2005,15
N788SA,2000,20
N789SW,2000,20
N790SW,2000,20
N791SW,2000,20
N792SW,2000,20
N793SA,2001,19
N794SW,2001,19
N795SW,2001,19
N796SW,2001,19
N797MX,2001,19
N798SW,1998,22
N799SW,2008,12
N8301J,2012,8
N8302F,2012,8
N8303R,2008,12
N8305E,2012,8
N8306H,2012,8
N8307K,2012,8
N8308K,2012,8
N8309C,2012,8
N8310C,2012,8
N8311Q,2012,8
N8312C,2012,8
N8313F,2012,8
N8314L,2012,8
N8315C,2012,8
N8316H,2012,8
N8317M,2012,8
N8318F,2008,12
N8319F,2012,8
N8320J,2012,8
N8321D,2012,8
N8322X,2012,8
N8323C,2012,8
N8324A,2012,8
N8325D,2012,8
N8326F,2008,12
N8327A,2012,8
N8328A,2012,8
N8329B,2012,8
N8501V,2016,4
N8502Z,2016,4
N8503A,2016,4
N8504G,2016,4
N8507C,2016,4
N8508W,2016,4
N8509U,2016,4
N8510E,2016,4
N8511K,2016,4
N8512U,2016,4
N8513F,2016,4
N8514F,2016,4
N8515X,2016,4
N8517F,2016,4
N8518R,2016,4
N8519R,2017,3
N8520Q,2017,3
N8522P,2017,3
N8523W,2017,3
N8524Z,2017,3
N8525S,2017,3
N8526W,2017,3
N8527Q,2017,3
N8528Q,2017,3
N8529Z,2017,3
N8530W,2017,3
N8531Q,2017,3
N8532S,2017,3
N8533S,2017,3
N8534Z,2017,3
N8535S,2017,3
N8536Z,2017,3
N8537Z,2017,3
N8538V,2017,3
N8539V,2017,3
N8540V,2017,3
N8541W,2017,3
N8542Z,2017,3
N8543Z,2017,3
N8544Z,2017,3
N8545V,2017,3
N8546V,2017,3
N8547V,2017,3
N8548P,2017,3
N8549Z,2017,3
N8550Q,2017,3
N8551Q,2017,3
N8552Z,2017,3
N8553W,2017,3
N8554X,2017,3
N8555Z,2017,3
N8556Z,2017,3
N8557Q,2017,3
N8558Z,2017,3
N8559Q,2018,2
N8560Z,2018,2
N8561Z,2018,2
N8562Z,2018,2
N8563Z,2018,2
N8564Z,2018,2
N8565Z,2018,2
N8566Z,2018,2
N8567Z,2018,2
N8568Z,2018,2
N8569Z,2018,2
N8570W,2018,2
N8571Z,2018,2
N8572X,2018,2
N8573Z,2018,2
N8574Z,2018,2
N8575Z,2018,2
N8576Z,2018,2
N8577Z,2018,2
N8578Q,2018,2
N8579Z,2018,2
N8580Z,2018,2
N8581Z,2018,2
N8582Z,2018,2
N8583Z,2018,2
N8584Z,2018,2
N8600F,2012,8
N8601C,2012,8
N8602F,2008,12
N8603F,2012,8
N8604K,2012,8
N8605E,2012,8
N8606C,2008,12
N8607M,2013,7
N8608N,2013,7
N8609A,2013,7
N8610A,2013,7
N8611F,2013,7
N8612K,2008,12
N8613K,2008,12
N8614M,2013,7
N8615E,2013,7
N8616C,2013,7
N8617E,2013,7
N8618N,2013,7
N8619F,2013,7
N8620H,2013,7
N8621A,2013,7
N8622A,2013,7
N8623F,2013,7
N8624J,2014,6
N8625A,2014,6
N8626B,2014,6
N8627B,2014,6
N8628A,2014,6
N8629A,2014,6
N8630B,2014,6
N8631A,2014,6
N8632A,2014,6
N8633A,2014,6
N8634A,2014,6
N8635F,2014,6
N8637A,2014,6
N8638A,2014,6
N8639B,2014,6
N8640D,2014,6
N8641B,2014,6
N8642E,2014,6
N8643A,2014,6
N8644C,2014,6
N8645A,2014,6
N8646B,2014,6
N8647A,2014,6
N8648A,2014,6
N8649A,2014,6
N8650F,2014,6
N8651A,2014,6
N8652B,2014,6
N8653A,2014,6
N8654B,2014,6
N8655D,2014,6
N8656B,2014,6
N8657B,2015,5
N8658A,2015,5
N8659D,2015,5
N8660A,2015,5
N8661A,2015,5
N8662F,2015,5
N8663A,2015,5
N8664J,2015,5
N8665D,2015,5
N8667D,2015,5
N8668A,2015,5
N8669B,2015,5
N8670A,2015,5
N8671D,2015,5
N8672F,2015,5
N8673F,2015,5
N8674B,2015,5
N8675A,2015,5
N8676A,2015,5
N8677A,2016,4
N8678E,2016,4
N8679A,2016,4
N8680C,2008,12
N8681M,2016,4
N8682B,2008,12
N8683D,2016,4
N8684F,2016,4
N8685B,2016,4
N8686A,2016,4
N8687A,2016,4
N8688J,2016,4
N8689C,2016,4
N8690A,2016,4
N8691A,2016,4
N8692F,2016,4
N8693A,2016,4
N8694E,2016,4
N8695D,2016,4
N8696E,2016,4
N8697C,2016,4
N8698B,2016,4
N8699A,2016,4
N8701Q,2015,5
N8702L,2018,2
N8704Q,2016,4
N8705Q,2017,3
N8706W,2017,3
N8707P,2008,12
N8708Q,2017,3
N8709Q,2017,3
N8710M,2017,3
N8711Q,2017,3
N8712L,2017,3
N8713M,2017,3
N8714Q,2017,3
N8715Q,2017,3
N8716B,2017,3
N8717M,2018,2
N8718Q,2018,2
N8719Q,2018,2
N8720L,2018,2
N8721J,2018,2
N8722L,2018,2
N8723Q,2018,2
N8724J,2018,2
N8725L,2018,2
N8726H,2018,2
N8727M,2018,2
N8728Q,2018,2
N8729H,2018,2
N8730Q,2018,2
N8731J,2018,2
N8732S,2008,12
N8733M,2019,1
N8734Q,2019,1
N8735L,2019,1
N900WN,2007,13
N901WN,2007,13
N902WN,2007,13
N903WN,2007,13
N904WN,2008,12
N905WN,2008,12
N906WN,2008,12
N907WN,2008,12
N908WN,2008,12
N909WN,2008,12
N910WN,2008,12
N912WN,2008,12
N913WN,2008,12
N914WN,2008,12
N915WN,2008,12
N916WN,2008,12
N917WN,2008,12
N918WN,2008,12
N919WN,2008,12
N920WN,2008,12
N921WN,2008,12
N922WN,2008,12
N923WN,2008,12
N924WN,2008,12
N925WN,2008,12
N926WN,2008,12
N927WN,2008,12
N928WN,2008,12
N929WN,2008,12
N930WN,2009,11
N931WN,2009,11
N932WN,2009,11
N933WN,2009,11
N934WN,2009,11
N935WN,2009,11
N936WN,2009,11
N937WN,2008,12
N938WN,2009,11
N939WN,2009,11
N940WN,2009,11
N941WN,2009,11
N942WN,2009,11
N943WN,2010,10
N944WN,2010,10
N945WN,2010,10
N946WN,2010,10
N947WN,2010,10
N948WN,2010,10
N949WN,2010,10
N950WN,2010,10
N951WN,2010,10
N952WN,2010,10
N953WN,2010,10
N954WN,2011,9
N955WN,2011,9
N956WN,2011,9
N957WN,2011,9
N958WN,2011,9
N959WN,2011,9
N960WN,2011,9
N961WN,2011,9
N962WN,2011,9
N963WN,2011,9
N964WN,2011,9
N965WN,2011,9
N966WN,2011,9
N967WN,2011,9
N968WN,2011,9
N969WN,2011,9
N201FR,2008,12
N202FR,2008,12
N203FR,2016,4
N205FR,2010,10
N206FR,2010,10
N207FR,2010,10
N210FR,2011,9
N211FR,2011,9
N213FR,2011,9
N216FR,2011,9
N218FR,2016,4
N219FR,2016,4
N220FR,2013,7
N221FR,2016,4
N223FR,2016,4
N227FR,2014,6
N228FR,2013,7
N229FR,2013,7
N230FR,2015,5
N232FR,2015,5
N233FR,2016,4
N235FR,2016,4
N236FR,2016,4
N238FR,2016,4
N301FR,2016,4
N303FR,2016,4
N304FR,2016,4
N305FR,2016,4
N307FR,2017,3
N308FR,2017,3
N309FR,2016,4
N310FR,2017,3
N311FR,2017,3
N312FR,2017,3
N313FR,2017,3
N316FR,2017,3
N317FR,2017,3
N318FR,2017,3
N322FR,2017,3
N323FR,2017,3
N324FR,2017,3
N326FR,2018,2
N328FR,2018,2
N329FR,2018,2
N330FR,2018,2
N331FR,2018,2
N332FR,2016,4
N334FR,2018,2
N335FR,2018,2
N336FR,2018,2
N337FR,2018,2
N338FR,2018,2
N339FR,2018,2
N341FR,2018,2
N342FR,2018,2
N343FR,2018,2
N344FR,2018,2
N346FR,2019,1
N347FR,2019,1
N348FR,2019,1
N349FR,2019,1
N350FR,2019,1
N351FR,2019,1
N352FR,2019,1
N353FR,2019,1
N354FR,2019,1
N356FR,2019,1
N358FR,2019,1
N359FR,2019,1
N360FR,2019,1
N361FR,2019,1
N362FR,2019,1
N363FR,2019,1
N364FR,2019,1
N365FR,2019,1
N701FR,2015,5
N702FR,2015,5
N704FR,2015,5
N705FR,2015,5
N706FR,2015,5
N708FR,2015,5
N709FR,2016,4
N710FR,2016,4
N711FR,2016,4
N712FR,2016,4
N713FR,2016,4
N714FR,2016,4
N715FR,2016,4
N716FR,2017,3
N717FR,2016,4
N718FR,2017,3
N719FR,2017,3
N720FR,2017,3
N721FR,2017,3
N722FR,2018,2
N723FR,2018,2
N902FR,2016,4
N910FR,2002,18
N919FR,2016,4
N920FR,2016,4
N922FR,2016,4
N923FR,2016,4
N926FR,2016,4
N927FR,2016,4
N938FR,2005,15
N939FR,2005,15
N941FR,2005,15
N943FR,2005,15
N947FR,2016,4
N948FR,2016,4
N949FR,2006,14
N951FR,2016,4
N952FR,2016,4
N953FR,2016,4
N999FR,2016,4
N202HA,2017,3
N204HA,2017,3
N205HA,2018,2
N208HA,2018,2
N209HA,2018,2
N212HA,2018,2
N213HA,2018,2
N214HA,2018,2
N215HA,2011,9
N216HA,2018,2
N217HA,2018,2
N218HA,2019,1
N220HA,2019,1
N223HA,2019,1
N226HA,2019,1
N227HA,2019,1
N228HA,2019,1
N360HA,2016,4
N361HA,2017,3
N370HA,2014,6
N373HA,2014,6
N374HA,2014,6
N375HA,2015,5
N378HA,2015,5
N379HA,2015,5
N380HA,2010,10
N381HA,2010,10
N382HA,2010,10
N383HA,2011,9
N384HA,2011,9
N385HA,2012,8
N386HA,2012,8
N388HA,2012,8
N389HA,2011,9
N390HA,2013,7
N391HA,2013,7
N392HA,2013,7
N393HA,2011,9
N395HA,2013,7
N396HA,2014,6
N399HA,2014,6
N475HA,2001,19
N476HA,2001,19
N477HA,2001,19
N478HA,2001,19
N479HA,2001,19
N480HA,2001,19
N481HA,2011,9
N483HA,2001,19
N484HA,2011,9
N485HA,2001,19
N486HA,2001,19
N487HA,2001,19
N488HA,1998,22
N489HA,1998,22
N490HA,2000,20
N491HA,2003,17
N492HA,2004,16
N493HA,2005,15
N494HA,2004,16
N495HA,2004,16
N580HA,2011,9
N581HA,2011,9
N582HA,2011,9
N583HA,2011,9
N588HA,2011,9
N590HA,2011,9
N592HA,2011,9
N594HA,2011,9
N202PS,2003,17
N206PS,2003,17
N207PS,2003,17
N209PS,2010,10
N213PS,2003,17
N215PS,2003,17
N216PS,2010,10
N218PS,2003,17
N220PS,2010,10
N221PS,2004,16
N226JS,2004,16
N228PS,2010,10
N229PS,2004,16
N230PS,2010,10
N237PS,2004,16
N241PS,2010,10
N242JS,2010,10
N244PS,2004,16
N245PS,2004,16
N247JS,2004,16
N248PS,2004,16
N249PS,2004,16
N250PS,2004,16
N251PS,2004,16
N253PS,2004,16
N254PS,2004,16
N256PS,2004,16
N257PS,2004,16
N258PS,2004,16
N259PS,2004,16
N260JS,2004,16
N261PS,2004,16
N262PS,2010,10
N500AE,2001,19
N501AE,2010,10
N501BG,2001,19
N502AE,2001,19
N503AE,2002,18
N504AE,2010,10
N504TE,2010,10
N505AE,2002,18
N506AE,2002,18
N507AE,2002,18
N508AE,2002,18
N509AE,2003,17
N510AE,2003,17
N511AE,2003,17
N512AE,2010,10
N513AE,2003,17
N514AE,2003,17
N515AE,2003,17
N516AE,2003,17
N517AE,2003,17
N518AE,2003,17
N519AE,2003,17
N520DC,2004,16
N521AE,2004,16
N522AE,2004,16
N523AE,2004,16
N524AE,2004,16
N524EA,2020,0
N525AE,2010,10
N525EA,2010,10
N526EA,2010,10
N527EA,2010,10
N528EG,2010,10
N529EA,2010,10
N530EA,2010,10
N531EG,2010,10
N532EA,2010,10
N533AE,2010,10
N534AE,2010,10
N534EA,2010,10
N535EA,2010,10
N537EA,2010,10
N539EA,2010,10
N540EA,2010,10
N544AE,2010,10
N544EA,2011,9
N545PB,2011,9
N546FF,2011,9
N547NN,2014,6
N548NN,2014,6
N549NN,2010,10
N550NN,2014,6
N551NN,2014,6
N552NN,2014,6
N553NN,2014,6
N554NN,2014,6
N555NN,2014,6
N556NN,2014,6
N557NN,2014,6
N558NN,2014,6
N559NN,2014,6
N560NN,2014,6
N561NN,2014,6
N562NN,2014,6
N563NN,2015,5
N564NN,2015,5
N565NN,2015,5
N566NN,2015,5
N567NN,2015,5
N568NN,2015,5
N569NN,2015,5
N570NN,2015,5
N571NN,2015,5
N572NN,2015,5
N573NN,2010,10
N574NN,2015,5
N575NN,2015,5
N576NN,2015,5
N577NN,2015,5
N578NN,2015,5
N579NN,2015,5
N580NN,2015,5
N581NN,2015,5
N582NN,2015,5
N583NN,2016,4
N584NN,2016,4
N585NN,2016,4
N586NN,2016,4
N587NN,2016,4
N588NN,2016,4
N589NN,2016,4
N590NN,2016,4
N591NN,2016,4
N592NN,2016,4
N593NN,2016,4
N594NN,2016,4
N595NN,2016,4
N596NN,2016,4
N597NN,2016,4
N598NN,2016,4
N599NN,2016,4
N600NN,2016,4
N601EN,2019,1
N602NN,2019,1
N603NN,2019,1
N604AE,1998,22
N604NN,2019,1
N605NN,2019,1
N606NN,2019,1
N607NN,2019,1
N608NN,2019,1
N609NN,2019,1
N610NN,2010,10
N611NN,2019,1
N612NN,2019,1
N684JW,2004,16
N702PS,2004,16
N703PS,2004,16
N705PS,2004,16
N706PS,2004,16
N708PS,2004,16
N709PS,2004,16
N710PS,2004,16
N712PS,2004,16
N716PS,2004,16
N718PS,2004,16
N719PS,2004,16
N720PS,2004,16
N723PS,2004,16
N725PS,2005,15
N214AK,2019,1
N215AK,2019,1
N224AK,2016,4
N236AK,2016,4
N237AK,2016,4
N238AK,2016,4
N247AK,2016,4
N248AK,2016,4
N251AK,2011,9
N253AK,2016,4
N260AK,2016,4
N263AK,2016,4
N264AK,2016,4
N265AK,2016,4
N266AK,2016,4
N267AK,2017,3
N268AK,2017,3
N270AK,2017,3
N272AK,2017,3
N273AK,2017,3
N274AK,2017,3
N275AK,2017,3
N277AK,2017,3
N278AK,2017,3
N280AK,2017,3
N281AK,2017,3
N281VA,2015,5
N282AK,2017,3
N282VA,2015,5
N283AK,2017,3
N283VA,2015,5
N284AK,2017,3
N284VA,2015,5
N285AK,2018,2
N285VA,2015,5
N286VA,2016,4
N287AK,2018,2
N288AK,2018,2
N290AK,2018,2
N292AK,2018,2
N293AK,2018,2
N294AK,2018,2
N296AK,2018,2
N297AK,2019,1
N298AK,2019,1
N302AS,2003,17
N303AS,2001,19
N305AS,2001,19
N306AS,2001,19
N307AS,2001,19
N309AS,2001,19
N315AS,2002,18
N317AS,2003,17
N318AS,2003,17
N319AS,2003,17
N320AS,2003,17
N323AS,2004,16
N361VA,2013,7
N362VA,2016,4
N363VA,2016,4
N364VA,2016,4
N365VA,2016,4
N402AS,2012,8
N403AS,2012,8
N407AS,2012,8
N408AS,2012,8
N409AS,2013,7
N413AS,2013,7
N419AS,2013,7
N423AS,2013,7
N428AS,2016,4
N431AS,2013,7
N433AS,2013,7
N434AS,2016,4
N435AS,2013,7
N440AS,2013,7
N442AS,2013,7
N448AS,2016,4
N453AS,2014,6
N457AS,2014,6
N459AS,2014,6
N461AS,2014,6
N462AS,2014,6
N464AS,2014,6
N467AS,2014,6
N468AS,2014,6
N469AS,2014,6
N471AS,2014,6
N472AS,2015,5
N474AS,2015,5
N477AS,2015,5
N478AS,2015,5
N479AS,2015,5
N481AS,2015,5
N483AS,2015,5
N486AS,2015,5
N487AS,2015,5
N491AS,2015,5
N492AS,2015,5
N493AS,2016,4
N494AS,2016,4
N495AS,2016,4
N506AS,2008,12
N508AS,2008,12
N512AS,2008,12
N513AS,2008,12
N514AS,2008,12
N516AS,2008,12
N517AS,2008,12
N518AS,2009,11
N519AS,2009,11
N520AS,2009,11
N521VA,2006,14
N522VA,2006,14
N523AS,2009,11
N523VA,2007,13
N524AS,2009,11
N524VA,2007,13
N525AS,2009,11
N525VA,2007,13
N526AS,2009,11
N526VA,2008,12
N527AS,2011,9
N527VA,2008,12
N528AS,2009,11
N528VA,2008,12
N529AS,2010,10
N529VA,2008,12
N530AS,2010,10
N530VA,2008,12
N531AS,2010,10
N532AS,2010,10
N533AS,2011,9
N534AS,2011,9
N535AS,2011,9
N536AS,2012,8
N537AS,2011,9
N538AS,2012,8
N546AS,2005,15
N548AS,2005,15
N549AS,2005,15
N551AS,2006,14
N552AS,2006,14
N553AS,2006,14
N556AS,2006,14
N557AS,2006,14
N558AS,2006,14
N559AS,2006,14
N560AS,2006,14
N562AS,2006,14
N563AS,2006,14
N564AS,2006,14
N565AS,2006,14
N566AS,2007,13
N568AS,2007,13
N569AS,2007,13
N570AS,2007,13
N577AS,2007,13
N579AS,2007,13
N581AS,2007,13
N583AS,2007,13
N584AS,2007,13
N585AS,2007,13
N586AS,2007,13
N587AS,2007,13
N588AS,2007,13
N589AS,2007,13
N590AS,2008,12
N592AS,2008,12
N593AS,2008,12
N594AS,2008,12
N596AS,2008,12
N597AS,2008,12
N607AS,1999,21
N609AS,1999,21
N611AS,2011,9
N612AS,1999,21
N613AS,1999,21
N614AS,1999,21
N615AS,2000,20
N618AS,2000,20
N619AS,2000,20
N621VA,2011,9
N622AS,2000,20
N622VA,2011,9
N623VA,2011,9
N624VA,2011,9
N625VA,2011,9
N626VA,2006,14
N627VA,2006,14
N628VA,2007,13
N629VA,2011,9
N630VA,2007,13
N631VA,2011,9
N632VA,2007,13
N633VA,2007,13
N634VA,2011,9
N635VA,2008,12
N636VA,2008,12
N637VA,2008,12
N638VA,2008,12
N639VA,2007,13
N640VA,2007,13
N641VA,2008,12
N642VA,2008,12
N644AS,2003,17
N835VA,2010,10
N836VA,2010,10
N837VA,2011,9
N838VA,2011,9
N839VA,2011,9
N840VA,2011,9
N841VA,2011,9
N842VA,2011,9
N843VA,2011,9
N844VA,2011,9
N845VA,2011,9
N846VA,2011,9
N847VA,2011,9
N848VA,2011,9
N849VA,2012,8
N851VA,2012,8
N852VA,2012,8
N853VA,2012,8
N854VA,2012,8
N855VA,2012,8
N921VA,2017,3
N922VA,2017,3
N923VA,2017,3
N924VA,2018,2
N925VA,2017,3
N926VA,2018,2
N927VA,2018,2
N928VA,2018,2
N929VA,2019,1
N930VA,2019,1
N220NN,2015,5
N221NN,2015,5
N222NS,2015,5
N223NN,2015,5
N224NN,2016,4
N225NN,2016,4
N226NN,2016,4
N227NN,2016,4
N228NN,2016,4
N229NN,2016,4
N230NN,2016,4
N231AN,2016,4
N232NN,2016,4
N233NN,2016,4
N234JW,2016,4
N235NN,2016,4
N236NN,2016,4
N237NN,2016,4
N238NN,2016,4
N239NN,2016,4
N240NN,2016,4
N241NN,2016,4
N242NN,2016,4
N243NN,2016,4
N244NN,2016,4
N245NN,2016,4
N246NN,2016,4
N247NN,2016,4
N248NN,2017,3
N249NN,2008,12
N250NN,2017,3
N251NN,2017,3
N252NN,2017,3
N253NN,2017,3
N254NN,2017,3
N255NN,2017,3
N256NN,2017,3
N257NN,2017,3
N258NN,2017,3
N259NN,2017,3
N260NN,2017,3
N261NN,2017,3
N262NN,2017,3
N263NN,2017,3
N264NN,2018,2
N265NN,2018,2
N266NN,2018,2
N267NN,2018,2
N268NN,2018,2
N269NN,2019,1
N270NN,2019,1
N271NN,2019,1
N272NN,2019,1
N273NN,2019,1
N274NN,2019,1
N275NN,2019,1
N276NN,2019,1
N277NN,2019,1
N278NN,2019,1
N279MQ,2019,1
N280NN,2019,1
N281NN,2019,1
N282NN,2019,1
N283NN,2019,1
N284JN,2019,1
N285NN,2019,1
N286NN,2019,1
N287NN,2019,1
N288NN,2019,1
N504AE,2008,12
N528EG,2008,12
N536EA,2010,10
N538EG,2010,10
N541EA,2011,9
N542EA,2011,9
N543EA,2011,9
N607AE,2008,12
N638AE,1999,21
N642AE,1999,21
N643AE,1999,21
N644AE,1999,21
N645AE,2000,20
N646AE,2000,20
N647AE,2000,20
N648AE,2000,20
N649PP,2000,20
N650AE,2001,19
N651AE,2001,19
N652RS,2001,19
N653AE,2001,19
N654AE,2001,19
N655AE,2001,19
N656AE,2003,17
N657AE,2003,17
N658AE,2003,17
N661JA,2003,17
N662EH,2004,16
N663AR,2004,16
N664MS,2004,16
N667GB,2004,16
N668HH,2004,16
N670AE,2004,16
N671AE,2004,16
N673AE,2004,16
N674RJ,2004,16
N675AE,2004,16
N676AE,2004,16
N677AE,2004,16
N678AE,2004,16
N679AE,2004,16
N680AE,2004,16
N681AE,2004,16
N685AE,2004,16
N687JS,2004,16
N688AE,2004,16
N689EC,2004,16
N690AE,2004,16
N693AE,2004,16
N694AE,2004,16
N696AE,2004,16
N697AB,2004,16
N698CB,2004,16
N699AE,2005,15
N800AE,2001,19
N801AE,2008,12
N802AE,2008,12
N803AE,2001,19
N804AE,2001,19
N805AE,2001,19
N806AE,2001,19
N807AE,2001,19
N808AE,2001,19
N809AE,2001,19
N810AE,2001,19
N812AE,2001,19
N813AE,2001,19
N815AE,2002,18
N816AE,2002,18
N817AE,2002,18
N818AE,2002,18
N819AE,2002,18
N820AE,2002,18
N821AE,2002,18
N822AE,2002,18
N823AE,2002,18
N824AE,2002,18
N825AE,2002,18
N826AE,2002,18
N827AE,2002,18
N830AE,2002,18
N831AE,2002,18
N833AE,2002,18
N834AE,2002,18
N835AE,2002,18
N836AE,2002,18
N837AE,2002,18
N838AE,2002,18
N840AE,2002,18
N841AE,2002,18
N842AE,2002,18
N843AE,2003,17
N844AE,2003,17
N845AE,2003,17
N846AE,2003,17
N848AE,2003,17
N849AE,2003,17
N850AE,2003,17
N851AE,2008,12
N852AE,2003,17
N853AE,2003,17
N854AE,2003,17
N855AE,2003,17
N856AE,2003,17
N857AE,2003,17
N858AE,2003,17
N900AE,2004,16
N902BC,2005,15
N905JH,2005,15
N906AE,2005,15
N907AE,2005,15
N908AE,2005,15
N909AE,2005,15
N918AE,2005,15
N922AE,2005,15
N923AE,2005,15
N925AE,2005,15
N928AE,2005,15
N931AE,2005,15
N932AE,2005,15
N933JN,2005,15
N935AE,2005,15
N939AE,2005,15
N941LT,2005,15
N942LL,2005,15
N241LR,2006,14
N242LR,2006,14
N243LR,2006,14
N244LR,2009,11
N245LR,2009,11
N246LR,2009,11
N247LR,2010,10
N248LR,2011,9
N249LR,2011,9
N326MS,2007,13
N329MS,2007,13
N407SW,1994,26
N501MJ,2002,18
N502MJ,2010,10
N503MJ,2002,18
N504MJ,2002,18
N505MJ,2010,10
N506MJ,2002,18
N507MJ,2010,10
N508MJ,2003,17
N509MJ,2003,17
N510MJ,2003,17
N511MJ,2010,10
N512MJ,2010,10
N513MJ,2003,17
N514MJ,2003,17
N515MJ,2003,17
N516LR,2006,14
N518LR,2006,14
N519LR,2006,14
N521LR,2006,14
N522LR,2006,14
N80343,2016,4
N80348,2016,4
N82314,2010,10
N82333,2015,5
N82338,2016,4
N83329,2015,5
N84307,2014,6
N85320,2015,5
N85323,2015,5
N85340,2016,4
N85351,2017,3
N85352,2017,3
N85354,2017,3
N85355,2017,3
N85356,2017,3
N85358,2017,3
N86309,2014,6
N86311,2014,6
N86312,2014,6
N86316,2014,6
N86322,2015,5
N86324,2015,5
N86334,2016,4
N86336,2016,4
N86344,2016,4
N86347,2016,4
N86350,2017,3
N87302,2014,6
N87303,2014,6
N87306,2014,6
N87318,2014,6
N87319,2014,6
N87337,2016,4
N87339,2016,4
N87345,2016,4
N87353,2017,3
N87360,2017,3
N88301,2014,6
N88310,2014,6
N88325,2015,5
N88326,2015,5
N88327,2015,5
N88328,2015,5
N88330,2015,5
N88331,2015,5
N88332,2015,5
N88335,2016,4
N88341,2016,4
N88346,2016,4
N88359,2017,3
N89304,2014,6
N89308,2014,6
N89313,2014,6
N89315,2014,6
N89317,2014,6
N89321,2015,5
N89342,2016,4
N89349,2017,3
N89357,2017,3
N902FJ,2003,17
N903FJ,2003,17
N904FJ,2003,17
N905J,2003,17
N906FJ,2003,17
N907FJ,2003,17
N908FJ,2003,17
N909FJ,2003,17
N910FJ,2003,17
N911FJ,2003,17
N912FJ,2004,16
N913FJ,2004,16
N914FJ,2004,16
N915FJ,2010,10
N916FJ,2004,16
N917FJ,2004,16
N918FJ,2004,16
N919FJ,2004,16
N920FJ,2004,16
N921FJ,2004,16
N922FJ,2004,16
N923FJ,2004,16
N924FJ,2010,10
N925FJ,2004,16
N926LR,2004,16
N927LR,2005,15
N928LR,2005,15
N929LR,2005,15
N930LR,2005,15
N931LR,2005,15
N932LR,2005,15
N93305,2014,6
N933LR,2005,15
N934FJ,2005,15
N935LR,2005,15
N938LR,2005,15
N939LR,2005,15
N942LR,2005,15
N943LR,2006,14
N944LR,2006,14
N945LR,2006,14
N946LR,2006,14
N947LR,2010,10
N948LR,2007,13
N950LR,2007,13
N951LR,2007,13
N952LR,2015,5
N953LR,2015,5
N954LR,2015,5
N955LR,2015,5
N956LR,2005,15
N957LR,2015,5
N958LR,2015,5
N959LR,2015,5
N326EN,2000,20
N327EN,1991,29
N328EN,1991,29
N329EN,2000,20
N330EN,2000,20
N331EN,2000,20
N333EN,2000,20
N335EN,2000,20
N336EN,2000,20
N337EN,2000,20
N343EN,2000,20
N600BP,1998,22
N601DW,2000,20
N602AE,1998,22
N603KC,1998,22
N608LM,1998,22
N609DP,1998,22
N617AE,1998,22
N620AE,2000,20
N624AE,1999,21
N625AE,1999,21
N626AE,1999,21
N627AE,1999,21
N628AE,2000,20
N629AE,1999,21
N630AE,1999,21
N631AE,1999,21
N632AE,1999,21
N633AE,1999,21
N634AE,1999,21
N635AE,1999,21
N636AE,1999,21
N637AE,1999,21
N639AE,1999,21
N640AE,1999,21
N641AE,1999,21
N647TE,2000,20
N649AE,2008,12
N659AE,2003,17
N660BC,2017,3
N665BC,2004,16
N669MB,2004,16
N672AE,2004,16
N682AE,2004,16
N683AE,2004,16
N686AE,2004,16
N691AE,2004,16
N692AE,2004,16
N695AE,2004,16
N837EX,2000,20
N839EX,1990,30
N907BP,2000,20
N365PX,1597,423
N462PA,1997,23
N680PA,0001,2019
N681PA,1995,25
N682PA,1995,25
N686PA,1597,423
N687PA,1995,25
N400QX,2000,20
N401QX,2001,19
N402QX,2001,19
N403QX,2001,19
N404QX,2001,19
N405QX,2001,19
N406QX,2001,19
N407QX,2013,7
N408QX,2013,7
N409QX,2013,7
N410QX,2013,7
N411QX,2013,7
N412QX,2013,7
N413QX,2013,7
N414QX,2013,7
N415QX,2013,7
N416QX,2013,7
N417QX,2013,7
N420QX,2013,7
N421QX,2007,13
N422QX,2007,13
N423QX,2007,13
N426QX,2007,13
N427QX,2007,13
N428QX,2013,7
N429QX,2007,13
N430QX,2007,13
N431QX,2013,7
N432QX,2013,7
N433QX,2013,7
N434MK,2008,12
N435QX,2009,11
N436QX,2009,11
N437QX,2009,11
N438QX,2009,11
N439QX,2009,11
N440QX,2011,9
N441QX,2011,9
N442QX,2011,9
N443QX,2011,9
N444QX,2011,9
N445QX,2011,9
N446QX,2011,9
N447QX,2011,9
N448QX,2012,8
N449QX,2013,7
N450QX,2013,7
N451QX,2013,7
N452QX,2013,7
N453QX,2015,5
N620QX,2017,3
N622QX,2017,3
N623QX,2017,3
N624QX,2017,3
N625QX,2017,3
N626QX,2017,3
N627QX,2017,3
N628QX,2017,3
N629QX,2017,3
N630QX,2017,3
N631QX,2018,2
N632qx,2013,7
N632QX,2018,2
N633QX,2018,2
N634QX,2018,2
N635QX,2018,2
N636QX,2018,2
N637QX,2018,2
N638QX,2018,2
N639QX,2018,2
N641QX,2018,2
N642qx,2013,7
N642QX,2018,2
N643QX,2018,2
N644QX,2018,2
N645QX,2018,2
N646QX,2018,2
N647QX,2018,2
N648QX,2019,1
N649QX,2019,1
N650QX,2019,1
N651QX,2019,1
N405AW,1999,21
N408AW,2001,19
N409AW,2000,20
N410AW,2001,19
N411ZW,2001,19
N412AW,2001,19
N413AW,2001,19
N414ZW,2001,19
N415AW,2001,19
N416AW,2002,18
N417AW,2002,18
N418AW,2002,18
N419AW,2002,18
N420AW,2002,18
N421ZW,1999,21
N423AW,2002,18
N424AW,2002,18
N425AW,2002,18
N426AW,2002,18
N427ZW,2002,18
N428AW,2002,18
N429AW,2002,18
N430AW,2002,18
N431AW,1998,22
N432AW,1998,22
N433AW,1999,21
N434AW,1999,21
N435AW,2002,18
N436AW,2002,18
N437AW,2002,18
N438AW,2003,17
N439AW,2003,17
N440AW,2003,17
N441ZW,2003,17
N442AW,2003,17
N443AW,2003,17
N444ZW,2003,17
N445AW,2003,17
N446AW,2003,17
N447AW,2003,17
N448AW,2003,17
N449AW,2003,17
N450AW,2003,17
N451AW,2003,17
N452AW,2003,17
N453AW,2003,17
N454AW,2003,17
N455AW,2003,17
N456ZW,2003,17
N457AW,2003,17
N458AW,2003,17
N459AW,2003,17
N460AW,2003,17
N461AW,2003,17
N462AW,2003,17
N463AW,2003,17
N464AW,2002,18
N465AW,2004,16
N466AW,2002,18
N467AW,2002,18
N468AW,2002,18
N469AW,2004,16
N470ZW,2004,16
N471ZW,2000,20
N801HC,2004,16
N804HC,2004,16
N805H,2004,16
N805HC,2004,16
N806HC,2004,16
