tail_num,built,age
N8647A,2014,6
N622CZ,0,Unknown
N342DN,2018,2
N665NK,0,Unknown
N585NN,2016,4
N904WN,2008,12
N798UA,0,Unknown
N7814B,2001,19
282NV,0,Unknown
N343EN,0,Unknown
N67052,2000,20
N770AN,1999,21
N521JB,2001,19
N563AS,2006,14
N827SK,2018,2
N12528,0,Unknown
N8307K,2012,8
N921AN,1999,21
N120SY,2014,6
N602UX,2019,1
N829MH,2000,20
N14249,1999,21
N61881,2015,5
N85356,2017,3
N8974C,2004,16
N662AW,2000,20
N409WN,2001,19
N173DZ,1998,22
N8620H,2013,7
N11535,2001,19
N926AT,2000,20
N559AS,2006,14
N733YX,2016,4
N818AL,2017,3
N8635F,2014,6
N393DA,2000,20
N639VA,2007,13
N34222,1998,22
N77518,2008,12
N969AN,2001,19
N651JB,2007,13
N523AS,2009,11
N311DN,2016,4
N997NN,0,Unknown
N822DN,2014,6
N34131,1998,22
N988DL,0,Unknown
N643JB,2006,14
N792SW,2000,20
N231JB,2006,14
N14542,2001,19
N676DL,1992,28
N531JB,0,Unknown
N14573,2002,18
N2136U,2017,3
N13161,2004,16
N837AN,2018,2
N196AA,2001,19
N201LV,2005,15
N993JB,0,Unknown
N78506,2006,14
N9677W,1999,21
N287WN,2007,13
N7709A,2005,15
N198JB,2006,14
N359PX,2017,3
N955DN,0,Unknown
N887NN,2012,8
N364DX,2018,2
N453AS,2014,6
N14902,2001,19
N634RW,2004,16
N336NB,2002,18
N941LT,2005,15
N638RW,2004,16
N84307,2014,6
N365DN,2018,2
N905DL,1987,33
N628VA,2007,13
N12136,0,Unknown
N115NN,2014,6
N550WN,2001,19
N844VA,2011,9
N738US,2000,20
N371NB,2003,17
N431WN,2002,18
N659CA,2004,16
N11206,2000,20
N37504,2018,2
N78866,2002,18
N412WN,2001,19
N154UW,2013,7
N904AN,1999,21
N768UA,0,Unknown
N826SK,2018,2
N14993,2000,20
N832UA,0,Unknown
N325NB,2001,19
N605UX,2019,1
N616NK,2012,8
N17122,1997,23
N299SY,2019,1
N930AU,2017,3
N3759,2001,19
N699BR,2003,17
426NV,0,Unknown
N934DN,1996,24
N534UW,2009,11
N14231,1999,21
N835AN,2018,2
N973SW,2004,16
N196UW,2009,11
N303RG,2018,2
N374CA,0,Unknown
N361FR,2019,1
N794UA,0,Unknown
N790SK,2009,11
N8731J,2018,2
N242WN,2006,14
N764US,2000,20
N807AW,1999,21
N648QX,2019,1
N959LR,2015,5
N33209,2000,20
N336FR,2018,2
N8707P,0,Unknown
N856DN,0,Unknown
N7817J,2000,20
N719PS,2004,16
N86312,2014,6
N579NN,2015,5
N21108,1994,26
N421UA,1994,26
N708FR,2015,5
N672DL,1992,28
N753AN,2001,19
N756SA,0,Unknown
N173US,2001,19
N309PQ,2014,6
N691CA,2007,13
N945WN,2010,10
N753SK,2005,15
N152GJ,0,Unknown
N730US,2000,20
N479UA,0,Unknown
N633NK,2014,6
N503GJ,0,Unknown
N763SK,0,Unknown
N180US,2001,19
N903FJ,2003,17
N892NN,2012,8
N775JB,2009,11
N278SY,2018,2
N559WN,2002,18
N9010R,2013,7
N677UA,0,Unknown
N955DL,1990,30
N866AS,2001,19
N956SW,2003,17
N359PH,1998,22
N145SY,2015,5
N978AN,0,Unknown
N310FR,2017,3
N899UA,2007,13
N957LR,2015,5
N854AS,2000,20
N611QX,0,Unknown
N2332U,2016,4
N408AW,2001,19
N948FR,0,Unknown
N7732A,2006,14
N904EV,2002,18
ALL,0,Unknown
N642UA,1991,29
N649PP,2000,20
N202HA,2017,3
N531EG,2010,10
N11192,2005,15
N13227,1999,21
N107SY,2014,6
N36280,2003,17
407NV,0,Unknown
N560NN,2014,6
N276SY,2018,2
N402QX,2001,19
N904FJ,2003,17
N627NK,2014,6
N435QX,2009,11
N997JB,0,Unknown
N826AE,2002,18
N984JB,0,Unknown
N7844A,2007,13
N11113,2002,18
N14106,1994,26
N403DX,2019,1
N963SW,2003,17
N837UA,0,Unknown
N987JB,0,Unknown
N381HA,2010,10
N208HA,2018,2
N624QX,2017,3
N8869B,2003,17
N630AE,1999,21
N823MD,2005,15
N480HA,2001,19
N284JB,2008,12
N8580Z,2018,2
N924DL,0,Unknown
N768AA,2006,14
N862DA,1999,21
N272SY,2018,2
N3744F,2001,19
N416WN,2001,19
N14242,1999,21
N918NK,2019,1
N7702A,2004,16
N324JB,2010,10
N833UA,0,Unknown
336NV,0,Unknown
N209SY,2017,3
N704X,1997,23
N802NW,2003,17
N718FR,2017,3
N213SY,2017,3
N962TW,1999,21
N8701Q,2015,5
N964SW,2003,17
N633AE,1999,21
N636NK,2015,5
409NV,0,Unknown
N722US,1999,21
N14904,2001,19
N711FR,2016,4
N816UA,0,Unknown
N965AT,2001,19
N536US,1995,25
N905SW,2000,20
N719FR,2017,3
N768JB,2009,11
N358NB,2003,17
N855DN,0,Unknown
N481UA,2001,19
N309DN,2016,4
N277SY,2018,2
N903AN,1999,21
N8709Q,2017,3
N444UA,0,Unknown
N835DN,2015,5
N69806,2013,7
N292PQ,2013,7
N216NN,2015,5
N9624T,1998,22
N413AS,2013,7
N75410,2001,19
N1902U,0,Unknown
N13138,1999,21
N705SK,2004,16
N26910,2014,6
N928NN,0,Unknown
N299PQ,0,Unknown
N306JB,2009,11
N7865A,2002,18
N710UW,1999,21
N76064,2002,18
N804NW,2003,17
N605NK,0,Unknown
N8725L,2018,2
N971AT,2001,19
N893DN,2018,2
N8891A,2004,16
N920EV,2003,17
N7723E,2006,14
274NV,0,Unknown
N33266,2001,19
N803AL,2015,5
N241JQ,2008,12
N832MH,2000,20
N8504G,2016,4
N8896A,2004,16
N284VA,2015,5
N492HA,2004,16
N398DA,2000,20
N944WN,2010,10
N808NW,2004,16
N584NN,2016,4
N915DE,1993,27
N8575Z,2018,2
N717AN,2012,8
N746SK,2005,15
N193DN,1997,23
N251SY,2016,4
N939AT,2006,14
N281WN,2007,13
N265WN,2007,13
N838VA,2011,9
N785SW,2000,20
N988AL,0,Unknown
N934NN,2013,7
N9012,2013,7
N912DL,1987,33
N27213,1998,22
N707TW,1997,23
N183GJ,2008,12
N104DU,0,Unknown
N9626F,1998,22
N706PS,2004,16
N613AS,1999,21
N285AK,2018,2
N844UA,0,Unknown
N490WN,2004,16
N833MH,2000,20
N17133,0,Unknown
N386HA,2012,8
N11119,2002,18
N872RW,2006,14
N791AN,2000,20
N672AE,2004,16
N608QX,0,Unknown
N105DU,2019,1
N69826,2014,6
N376DN,0,Unknown
N909NN,2012,8
N534JB,2002,18
241NV,0,Unknown
N990AN,0,Unknown
N184AN,0,Unknown
N659UA,1993,27
N76526,2010,10
N8311Q,2012,8
N18102,2002,18
N701SK,0,Unknown
N102NN,2013,7
876GA,0,Unknown
N244JQ,2008,12
N802DN,2013,7
N398AN,1999,21
N611NK,2012,8
N524AS,2009,11
N134AN,2015,5
N244NN,2016,4
N7714B,2004,16
246NV,0,Unknown
N246LR,2009,11
N415QX,0,Unknown
N115HQ,2007,13
N816AW,2000,20
N8982A,2004,16
N907NN,2012,8
N947WN,2010,10
N962DN,0,Unknown
N309PC,2017,3
N909WN,2008,12
N42836,0,Unknown
N486AS,2015,5
N981EV,0,Unknown
N671NK,2016,4
N948WN,2010,10
N282WN,2007,13
N405YX,2013,7
N502UA,1989,31
N955AN,2001,19
N860DA,1999,21
N13202,2006,14
N26226,1998,22
N524EA,2020,0
N74856,0,Unknown
N842NN,2010,10
N842VA,2011,9
N404WN,2001,19
N581HA,0,Unknown
N961SW,2003,17
N935SW,0,Unknown
N170SY,2015,5
N967UW,2008,12
N37474,2013,7
N724SK,2004,16
N845MH,2002,18
N991AT,0,Unknown
N988DN,0,Unknown
N612NK,2012,8
N978SW,0,Unknown
N250WN,2006,14
N794AN,2000,20
N432WN,2003,17
N803AE,2001,19
N824SK,2008,12
N857NW,2004,16
N312FR,2017,3
N405SY,2018,2
N544AE,0,Unknown
N8664J,2015,5
N27908,2013,7
N477WN,2004,16
N216JQ,2009,11
N274SY,2018,2
N8723Q,2018,2
N902WN,2007,13
N526JL,2001,19
N207SY,2017,3
N819DN,2014,6
N35236,1999,21
N660UA,1993,27
N193SY,2017,3
N8640D,2014,6
N17984,2000,20
N11189,2005,15
N69824,2014,6
N710DN,2010,10
N620CZ,0,Unknown
N920US,2015,5
N546UW,2011,9
N7726A,2006,14
N8684F,2016,4
N170GJ,0,Unknown
N7873A,2004,16
N325US,1991,29
N796SW,2001,19
N11165,2004,16
N70425,0,Unknown
N466AW,0,Unknown
N27959,2015,5
N7822A,2001,19
N713EV,2003,17
N969JT,2016,4
N169DZ,1998,22
N8986B,0,Unknown
N128AN,2014,6
N773UA,0,Unknown
N744P,2000,20
N33294,2005,15
N39297,2005,15
N29961,2015,5
N476UA,0,Unknown
N906SW,2001,19
N612AS,1999,21
N937XJ,2008,12
N206JQ,2008,12
N192UW,2001,19
N905NK,2016,4
N853NN,2010,10
N79011,1999,21
N27511,2018,2
N735AT,2016,4
N239JQ,2008,12
N678AE,2004,16
N832AW,2001,19
N68822,2014,6
N14179,2005,15
N372DN,2019,1
N820NW,2007,13
N442QX,2011,9
N828NW,2016,4
N625CZ,0,Unknown
N642QX,2018,2
N7722B,2006,14
N260JS,2004,16
N11187,2005,15
N923EV,2003,17
N217JC,2005,15
N285VA,2015,5
N924DZ,2019,1
N290AY,2013,7
N12569,2002,18
N592JB,2004,16
N87345,2016,4
N991JT,0,Unknown
N163GJ,0,Unknown
N538GJ,2006,14
N429WN,2002,18
N435SW,2001,19
N26208,2000,20
N8678E,2016,4
N173AN,2002,18
N8672F,2015,5
N902AA,2017,3
N400AN,0,Unknown
N8550Q,2017,3
N449AW,2003,17
N596UA,0,Unknown
N414QX,0,Unknown
N912UY,2014,6
N626AE,1999,21
N365NW,0,Unknown
N579UW,2014,6
N8721B,2002,18
N415AW,2001,19
N248WN,2006,14
N269WN,2007,13
N14235,1999,21
N825NN,2010,10
N18557,0,Unknown
N549UW,2011,9
N18120,2003,17
N76021,2010,10
N695AE,2004,16
N805UA,0,Unknown
N76529,2010,10
N16713,1998,22
N861DN,2016,4
N869AS,2001,19
N3736C,2000,20
N69835,2014,6
N466UA,0,Unknown
N804HC,2004,16
N814DN,0,Unknown
N9015D,2013,7
N103SY,2014,6
N139AN,2015,5
N983DL,0,Unknown
N410UA,1994,26
N831AA,2017,3
N613CZ,2008,12
N8538V,2017,3
N794JB,0,Unknown
N76516,2008,12
N181DN,1992,28
N253PS,2004,16
N232WN,2006,14
N13954,2015,5
N233JQ,2008,12
N255NN,2017,3
N578NN,2015,5
N675DL,1992,28
N23721,1999,21
N838MH,2001,19
N325DN,2017,3
N846AE,2003,17
N989JB,0,Unknown
N624VA,0,Unknown
N914FJ,2004,16
N779SW,2000,20
N315AS,2002,18
N209UA,0,Unknown
N508AS,2008,12
N116HQ,2007,13
N117SY,2014,6
N830AN,2017,3
N835HK,2003,17
N914DL,0,Unknown
N817NW,2007,13
N833NN,2010,10
N13248,1999,21
N509MJ,2003,17
N968WN,2011,9
N361NB,2003,17
N20904,2012,8
N379DA,1999,21
N947DL,1989,31
N431QX,0,Unknown
N919WN,2008,12
N364VA,2016,4
N881AS,2001,19
N742SW,1998,22
243NV,0,Unknown
N77066,2002,18
N702TW,1996,24
N932AM,2017,3
N601AW,2003,17
N78002,1998,22
N939LR,2005,15
N910AN,1999,21
N348PQ,2015,5
N295WN,2007,13
N69020,2007,13
N784AN,2000,20
N37466,2013,7
N730YX,2015,5
N331NW,1992,28
N320DN,2017,3
N636RW,2004,16
N315NB,2000,20
N585NW,2002,18
N861NN,2010,10
N202WN,2005,15
N14116,2002,18
N8677A,2016,4
N830MH,2000,20
N840VA,2011,9
N193UW,2008,12
N9017P,2014,6
N285WN,2007,13
N7720F,2006,14
N315DN,2016,4
N814NW,2006,14
N719EV,2003,17
N210FR,2011,9
N428WN,2002,18
N66814,2014,6
N339PL,2017,3
N393AN,0,Unknown
N956DN,0,Unknown
N220HA,2019,1
N433AS,2013,7
N7843A,2006,14
N155UW,2013,7
N648RW,2005,15
N821NN,2010,10
N7887A,2007,13
N186PQ,2008,12
N125UW,2009,11
N372NW,2001,19
N680PA,0001,2019
N529JB,2001,19
N754SW,1999,21
N504JB,0,Unknown
N607NN,2019,1
N705TW,1997,23
N6703D,2000,20
N121UW,2000,20
N804AN,2015,5
N16178,2005,15
N733SA,1999,21
N979TW,0,Unknown
N940NN,2013,7
N625VA,0,Unknown
N852VA,2012,8
N922US,2015,5
N347NB,2002,18
N340NW,1992,28
N915SW,0,Unknown
N163US,2001,19
N9629H,0,Unknown
N396DN,0,Unknown
N4901U,2006,14
N13989,2000,20
N585JB,2004,16
N701FR,2015,5
N374JB,2013,7
N417AW,0,Unknown
N920NN,2013,7
N717TW,1999,21
229NV,0,Unknown
N6704Z,2000,20
N804NN,0,Unknown
N723AN,2013,7
N730SK,2005,15
N760JB,2008,12
N903NN,2012,8
N3752,2001,19
N14543,0,Unknown
N14148,2003,17
N974JT,2016,4
N413AW,2001,19
N873NN,2011,9
N737JW,1999,21
N9025B,2014,6
N749US,2000,20
N862AS,2001,19
N732AN,0,Unknown
N493AS,2016,4
N324RA,2017,3
N600LR,2007,13
N112AN,2014,6
N77258,2000,20
N951FR,0,Unknown
N642NK,2015,5
N758SW,1999,21
N360HA,2016,4
N886DN,2017,3
N455UA,0,Unknown
N259WN,2006,14
N462UA,0,Unknown
N245LR,2009,11
N434MK,2008,12
N17196,2005,15
N358NW,1998,22
N658CA,2004,16
N946LR,2006,14
N952AA,2000,20
N431SW,2001,19
N77537,2016,4
N965AN,2001,19
N984DL,0,Unknown
N39728,1999,21
N930DN,1996,24
N314PQ,2014,6
N565WN,2002,18
N716PS,2004,16
N619NK,2013,7
N961JT,2016,4
N122US,2000,20
N953AT,2000,20
N860NW,2006,14
N947FR,0,Unknown
N199AN,2001,19
N937JB,2014,6
N306PQ,2014,6
N979DL,0,Unknown
N8681M,2016,4
N274AK,2017,3
N916EV,2003,17
N324US,1991,29
N607CZ,2007,13
N730EV,2004,16
N682PA,1995,25
N41104,2002,18
N812DN,2013,7
N69804,2013,7
N651QX,2019,1
N938NN,2013,7
N213PS,2003,17
N958NN,2014,6
N527EA,2010,10
N553NN,2014,6
N478AS,2015,5
N484HA,0,Unknown
N913NK,2017,3
N712EV,2002,18
N853VA,2012,8
N485WN,2004,16
N438UA,0,Unknown
N852DN,2016,4
N73270,2001,19
N561JB,2003,17
N604SK,2006,14
N913DL,1988,32
N237NN,2016,4
N11127,0,Unknown
N326US,0,Unknown
N301PA,2016,4
N907JB,2013,7
218NV,0,Unknown
N535NK,2010,10
N851VA,2012,8
N722TW,1999,21
N723YX,2015,5
N885AS,2001,19
N126AN,2014,6
N831DN,2014,6
N7851A,2001,19
N933EV,2005,15
N192AN,2001,19
N306NY,2016,4
N543UW,2011,9
N302NB,0,Unknown
N925FJ,2004,16
N962NN,2014,6
N24202,2000,20
N244LR,2009,11
N525VA,2007,13
N479HA,2001,19
N921VA,2017,3
N918US,2015,5
N37277,2002,18
N837EX,0,Unknown
N560AS,2006,14
N660AW,2000,20
N853DN,2016,4
N212JQ,2008,12
N678NK,2017,3
N490HA,2000,20
N959SW,2003,17
N153SY,0,Unknown
N345DN,2018,2
N71411,0,Unknown
N712PS,2004,16
N611SK,2002,18
N677NK,2017,3
N609NK,2011,9
N925SW,2002,18
N963DL,1990,30
N530VA,2008,12
N528AS,2009,11
N76502,2006,14
N614CZ,2008,12
N914EV,2003,17
N466SW,2003,17
N135HQ,2008,12
N827NN,2010,10
N457SW,2003,17
N928WN,0,Unknown
N24729,1999,21
N906NN,2012,8
N102HQ,2007,13
N11193,2005,15
N161AA,2016,4
N507JT,2000,20
N283AY,2009,11
N363VA,2016,4
N563NN,2015,5
N612NN,2019,1
N839NN,2010,10
N627JB,2005,15
N643QX,2018,2
N483HA,2001,19
N547GJ,2009,11
N454AW,2003,17
N834NN,2010,10
N225UA,0,Unknown
N603AT,2001,19
N998JB,0,Unknown
N33182,2005,15
N25201,1999,21
N604CZ,2007,13
N197DN,1997,23
N270SY,2018,2
N537US,1996,24
N629QX,2017,3
N76062,2002,18
N391DA,2000,20
N7719A,2005,15
N662JB,2007,13
N89342,2016,4
N194UW,0,Unknown
N908XJ,2007,13
N436QX,2009,11
N801UA,0,Unknown
N7750A,2008,12
N605KS,1998,22
222NV,0,Unknown
N462AS,2014,6
N959WN,2011,9
N236JQ,2008,12
247NV,0,Unknown
N241WN,2006,14
N57862,2001,19
N7846A,2007,13
N17245,1999,21
N776XF,2004,16
N912DU,2018,2
N990DL,0,Unknown
N866DN,2016,4
N66893,2016,4
N29717,0,Unknown
N907EV,0,Unknown
N996DL,0,Unknown
N378DN,2019,1
N993JE,0,Unknown
N986JB,0,Unknown
N913XJ,2007,13
N933JN,2005,15
N591NN,2016,4
N915NK,2018,2
N936WN,2009,11
N240NN,2016,4
N839UA,0,Unknown
N570AS,2007,13
N977JE,0,Unknown
N722YX,2015,5
N503NK,0,Unknown
N445WN,2003,17
N311FR,2017,3
N413WN,2001,19
N37468,2013,7
N594NW,2003,17
N13113,1995,25
N88325,2015,5
N14102,1994,26
N694NK,2018,2
N915WN,2008,12
N922FR,0,Unknown
N842AE,2002,18
N8574Z,2018,2
N494HA,2004,16
N946DN,0,Unknown
N11547,2002,18
N351NB,2002,18
N8716B,2017,3
N314PD,0,Unknown
N927AT,2000,20
N503AE,2002,18
N720FR,2017,3
N463WN,2004,16
232NV,0,Unknown
N645AE,2000,20
N531NK,2007,13
N899AT,2005,15
N594AS,2008,12
N772SW,2000,20
N501AA,0,Unknown
N404YX,2013,7
N408WN,2001,19
N803UA,0,Unknown
N38458,2012,8
N355NW,1998,22
N370HA,2014,6
N26909,2014,6
N573NN,0,Unknown
N646AE,2000,20
N916SW,2002,18
N881NN,2011,9
N226JS,2004,16
N8633A,2014,6
N627VA,2006,14
N498WN,2005,15
N715JB,2008,12
N678CA,2007,13
N348NW,1993,27
N8683B,2002,18
N277NN,2019,1
N775UA,0,Unknown
N61886,2015,5
N748UW,0,Unknown
N908AE,2005,15
N13716,1998,22
N504NK,2005,15
N612AE,1998,22
N78438,2009,11
N211NN,2015,5
N918WN,2008,12
N790AN,2000,20
N802SK,2006,14
N532AS,2010,10
N920AN,1999,21
N834MH,2000,20
N205JQ,2008,12
N734SA,1999,21
N223JS,2004,16
N507JB,1979,41
N622AS,2000,20
N16234,1999,21
N195PQ,2008,12
N602CZ,0,Unknown
N953FR,0,Unknown
N668NK,2016,4
N849DN,2015,5
N932XJ,2008,12
N617CZ,0,Unknown
N784JB,2011,9
N297WN,2007,13
N8615E,2013,7
N971NN,2015,5
N706FR,2015,5
N219NN,2015,5
N356FR,2019,1
N236FR,2016,4
N608NN,2019,1
N935JB,2014,6
N865DN,2016,4
N333DX,2017,3
N921NK,2019,1
N989JT,0,Unknown
N270AK,2017,3
N906AT,2001,19
N931DN,0,Unknown
N194AA,2001,19
N27015,2000,20
N164NN,2016,4
N267JB,2007,13
N275WN,2007,13
N558NN,2014,6
N586NW,2002,18
N952NN,2014,6
N612JB,2005,15
N37273,2001,19
N634NK,2014,6
N931AN,2000,20
N977UY,0,Unknown
N34455,2012,8
N827AE,2002,18
N117DU,2019,1
N953LR,2015,5
N17730,1999,21
N8712L,2017,3
N303FR,2016,4
N976JB,2017,3
N599NN,2016,4
N943LR,2006,14
N995AN,0,Unknown
N350AN,0,Unknown
N805NW,2003,17
N923DZ,2019,1
N156AN,2016,4
N370DN,0,Unknown
N861NW,2006,14
N926DL,0,Unknown
N2038J,2019,1
N655NK,2018,2
N414YX,2013,7
N685BR,2002,18
N351JB,2012,8
N824MD,2005,15
N999JB,0,Unknown
N623QX,2017,3
N25134,2003,17
N292SY,2018,2
N607LR,2008,12
N833AY,2005,15
N12530,0,Unknown
N607JB,2005,15
N722FR,2018,2
N202JQ,2008,12
N324NB,2001,19
N743SK,2005,15
N917NN,2013,7
N304DN,2016,4
N519JB,2001,19
N855NN,2010,10
N911DA,1995,25
N884AS,0,Unknown
N7869A,2006,14
N818MD,0,Unknown
N785AN,2000,20
N927LR,2005,15
N794SK,0,Unknown
N8658A,2015,5
N104NN,2013,7
N776WN,2000,20
N641AE,1999,21
N14570,2002,18
N909DN,2018,2
N7748A,2007,13
N670UA,0,Unknown
N8933B,2004,16
N125HQ,2007,13
N808DN,2013,7
N17126,1998,22
N186AN,2001,19
N772AN,1999,21
N316PF,2017,3
N715UW,1999,21
N645NK,0,Unknown
N335PH,2017,3
N536GJ,2005,15
N874AS,2001,19
N247LR,0,Unknown
N950DN,0,Unknown
N8502Z,2016,4
N88346,2016,4
N807JB,2012,8
N947NN,2014,6
N775SW,2000,20
331NV,0,Unknown
N8553W,2017,3
N592HA,0,Unknown
N322FR,2017,3
N510NK,0,Unknown
N636QX,2018,2
N283WN,2007,13
N355JB,2013,7
N208AN,2015,5
N8972E,2004,16
N293PQ,2013,7
N408UA,1994,26
N528EG,0,Unknown
N317CA,2002,18
N936SW,0,Unknown
N139SY,2015,5
N603NN,2019,1
N381AN,0,Unknown
N57855,0,Unknown
N219WN,2005,15
N537AS,0,Unknown
N281VA,2015,5
N904DL,1987,33
N952FR,0,Unknown
N484UA,2001,19
N586AS,2007,13
N317PG,2017,3
N208WN,2005,15
N7703A,2004,16
N721YX,2015,5
N987DN,0,Unknown
N651RW,2005,15
N163AA,2016,4
N78060,2002,18
N291SY,2018,2
N983AN,0,Unknown
N77520,2010,10
N302AS,2003,17
N134HQ,2008,12
N877NN,2011,9
N753US,2000,20
N75433,2009,11
N919AT,2001,19
N316JB,2009,11
N789AN,2000,20
N12900,0,Unknown
N964AN,2001,19
N972DL,1991,29
N426SW,2001,19
N346NB,2002,18
N692AE,2004,16
N950WN,2010,10
N880NN,2011,9
N959AT,2001,19
N408QX,0,Unknown
N624AG,0,Unknown
N929WN,2008,12
N726AN,2013,7
N649UA,0,Unknown
N518AS,2009,11
N430AW,2002,18
N981DL,0,Unknown
N446UA,0,Unknown
N916NN,2013,7
N752EV,0,Unknown
N442AS,2013,7
N172DN,1990,30
N182UW,2001,19
N8691A,2016,4
N89315,2014,6
N73445,2011,9
N7528A,0,Unknown
N946WN,2010,10
N430UA,1996,24
N68891,2015,5
N557UW,2012,8
N760SW,2000,20
N14905,2001,19
N67812,2014,6
N23707,1998,22
N637RW,2004,16
N788SA,2000,20
N805JB,2012,8
N936NN,2013,7
N959NN,2014,6
N986NN,0,Unknown
N565NN,2015,5
N709TW,1997,23
N611UX,2019,1
N601LR,2007,13
N357FC,2004,16
N214UA,0,Unknown
N404UA,1993,27
N23139,2003,17
N479WN,2004,16
N497UA,0,Unknown
N920WN,2008,12
N379AA,0,Unknown
N331CA,2002,18
N17138,2003,17
N8735L,2019,1
N822SK,2008,12
N435YX,2014,6
N536NK,2010,10
N351NW,1997,23
N469AS,2014,6
N220FR,2013,7
N124DU,2019,1
N235NN,2016,4
N817NN,2009,11
N660BC,2017,3
N528NK,2007,13
N855UA,2002,18
N973JB,0,Unknown
N267SY,2018,2
N363PH,1998,22
N329NW,1992,28
N894UA,2006,14
N8652B,2014,6
N147PQ,2007,13
N437WN,2003,17
N695NK,0,Unknown
N837AW,2005,15
N964DN,0,Unknown
N326RP,2018,2
N131HQ,2008,12
N563JB,2003,17
N797MX,2001,19
N508NK,2005,15
N820AL,2016,4
N472UA,0,Unknown
335NV,0,Unknown
N835MH,2000,20
N766AN,2003,17
N57857,2004,16
N962AN,2001,19
N597AS,2008,12
N431AS,2013,7
N622AE,1999,21
N91007,2017,3
N904DE,1992,28
N13979,1999,21
N12567,0,Unknown
N220PS,0,Unknown
N305PQ,2014,6
N37462,2012,8
N726SK,2005,15
N486WN,2004,16
N708DN,2009,11
N439WN,2003,17
420NV,0,Unknown
402NV,0,Unknown
N632AE,1999,21
N8783E,2003,17
N640JB,2006,14
N8676A,2015,5
N656YX,0,Unknown
N79279,2003,17
N929DZ,2019,1
N576UW,2014,6
N827MH,2001,19
N8654B,2014,6
N254SY,2016,4
N806NN,2009,11
N7880D,0,Unknown
N636JB,2006,14
N991DL,0,Unknown
N967WN,2011,9
N835AE,2002,18
N679AE,2004,16
N14203,2006,14
N910DU,2018,2
N12005,2019,1
N216UA,0,Unknown
N11109,2002,18
N8839E,2003,17
N677AE,2004,16
N184US,2002,18
N809AE,2001,19
N806AE,2001,19
N425UA,1995,25
N76504,2006,14
N631VA,0,Unknown
N290SY,2018,2
N8327A,2012,8
N15980,1999,21
N745YX,2017,3
N164SY,2016,4
N842MH,2001,19
N982DL,0,Unknown
N2737U,2017,3
N405AN,2019,1
N501DN,2017,3
N652UA,1992,28
N68061,2002,18
N447YX,2015,5
N508JB,2007,13
N7860A,2005,15
N648AE,2000,20
N68843,2015,5
N207WN,2005,15
N376DA,1999,21
N342NW,1992,28
N701BR,2000,20
N7889A,2005,15
N746JB,2008,12
N12238,1999,21
N7823A,2003,17
N487AS,2015,5
N816AA,2016,4
N231WN,2006,14
N8656B,2014,6
N148AN,2015,5
N987DL,0,Unknown
N495WN,2004,16
N292JB,2008,12
N28912,2014,6
N26970,2017,3
N743YX,2017,3
N767UW,2000,20
N8683D,2016,4
N57439,2009,11
N244WN,2006,14
N863AS,2001,19
N691AE,2004,16
N982AT,0,Unknown
N933LR,2005,15
N506AE,2002,18
N406QX,2001,19
N923NK,2019,1
N929DL,0,Unknown
N608JB,2005,15
N582NW,2002,18
N14991,2000,20
N116SY,2014,6
N980AT,0,Unknown
N17169,2004,16
N878RW,2007,13
N978DL,0,Unknown
N948JB,2015,5
N206UA,0,Unknown
N295SY,0,Unknown
N944UW,2006,14
N492UA,0,Unknown
N942AN,2000,20
N405QX,2001,19
N451AW,2003,17
N639QX,2018,2
N929NN,2013,7
N355CA,2002,18
N321DH,2017,3
N255SY,2016,4
N971AN,2001,19
N112US,1999,21
N8632A,2014,6
N9008U,2013,7
N216HA,2018,2
N7749B,2009,11
N945AN,2000,20
N268AK,2017,3
N838SK,2019,1
N983TW,0,Unknown
N934AA,2017,3
N11181,2005,15
N409AW,2000,20
N771AN,1999,21
N625AE,1999,21
N862NN,2010,10
N7886A,2007,13
N418WN,2001,19
N929AA,2017,3
N595NW,2003,17
N974AN,2001,19
N697AB,2004,16
N946UW,2007,13
N77014,1999,21
N153UW,2013,7
N38479,2016,4
N629AE,1999,21
N808UA,0,Unknown
N630SK,2011,9
N776AN,1999,21
N26232,0,Unknown
N362NW,1998,22
N673UA,0,Unknown
N581AS,2007,13
N626QX,2017,3
N962JB,0,Unknown
N421YX,2014,6
N8551Q,2017,3
N346PR,2017,3
N461AS,2014,6
N918AN,1999,21
N390DA,2000,20
N281AY,2009,11
N218HA,2019,1
N711ZX,1997,23
N790SW,2000,20
N435WN,2003,17
N7819A,2002,18
N462WN,2004,16
N974UY,2011,9
N9405T,0,Unknown
N114NN,0,Unknown
N204UA,0,Unknown
N213FR,2011,9
N868AS,2001,19
N983JT,0,Unknown
N310PQ,2014,6
N777QC,2000,20
N840MH,2001,19
N76522,2010,10
N8507C,2016,4
N365FR,2019,1
N27901,2012,8
N7859B,2002,18
N975AN,2001,19
305NV,0,Unknown
N8571Z,2018,2
N793UA,0,Unknown
N8302F,2012,8
N7854B,2006,14
N706DN,2009,11
N606AE,1998,22
N321NB,2001,19
N2644U,2017,3
256NV,0,Unknown
N17002,2018,2
N911DQ,2018,2
N2243U,2017,3
N289SY,2018,2
N308DN,2016,4
N13538,2001,19
N303RE,2018,2
N583NN,2016,4
N16976,1999,21
N416AW,2002,18
N158GJ,0,Unknown
N494WN,2004,16
N807UA,0,Unknown
N260WN,2006,14
N984NN,0,Unknown
N610UX,2019,1
N780SK,2009,11
N182SY,2016,4
N937DL,0,Unknown
N568UA,0,Unknown
N16151,0,Unknown
N140SY,2015,5
N17244,1999,21
N8837B,2003,17
N531AS,2010,10
283NV,0,Unknown
N495HA,2004,16
N841AN,2019,1
N754UW,2000,20
N433AW,1999,21
N14001,2018,2
N971TW,1999,21
N298PQ,2013,7
N410YX,2013,7
N920DU,2019,1
N601NK,2010,10
280NV,0,Unknown
N441YX,2014,6
N8573Z,2018,2
N656AE,2003,17
N932AE,2005,15
N919DN,1997,23
N684UA,2002,18
N7737E,2006,14
N630VA,2007,13
N659BR,2001,19
N782SA,2000,20
N509AY,2009,11
N152DL,1990,30
231NV,0,Unknown
N553UW,2011,9
N939DN,0,Unknown
N426AA,0,Unknown
N736SA,1999,21
N399HA,2014,6
N954AN,2001,19
N948SW,0,Unknown
N385AM,1994,26
N714FR,2016,4
N801AC,2015,5
N218WN,2005,15
N73251,2000,20
N575UW,2014,6
N836SK,2019,1
863GA,0,Unknown
N329PQ,2014,6
N538UW,2009,11
N11150,2003,17
N507MJ,0,Unknown
N656RW,2005,15
N992JB,0,Unknown
N446SW,2002,18
N971UY,0,Unknown
N938LR,2005,15
N917XJ,2007,13
N18556,2002,18
N69819,2014,6
N257NN,2017,3
N13550,0,Unknown
230NV,0,Unknown
N632SK,2011,9
N8908D,2004,16
N500WR,2014,6
N910XJ,2007,13
N290AK,2018,2
N604NK,0,Unknown
883GA,0,Unknown
N893NN,2012,8
N924US,2015,5
N682DA,1993,27
N12167,2004,16
N813AN,2016,4
N404QX,2001,19
N801HC,2004,16
N12564,2002,18
N561UW,2012,8
N8695D,2016,4
N140AN,2015,5
N1200K,1998,22
N657JB,2007,13
N8314L,2012,8
N979JB,0,Unknown
N815MD,2004,16
N201NN,2015,5
N596NW,2003,17
N8847A,2003,17
N522AE,2004,16
N990JL,0,Unknown
N8980A,2004,16
N488WN,2004,16
N316DN,2017,3
N12754,2002,18
N302DQ,2008,12
N128DU,2019,1
884GA,0,Unknown
N535US,1995,25
N935WN,2009,11
N236JB,2006,14
N762US,2000,20
N77431,0,Unknown
N535GJ,2005,15
N8557Q,2017,3
N960AN,2001,19
N308DE,0,Unknown
N823UA,0,Unknown
427NV,0,Unknown
N558JB,2003,17
N77867,2002,18
N424AW,2002,18
N75436,2009,11
N333EN,0,Unknown
N465UA,0,Unknown
N587NW,2002,18
N9023N,2014,6
N205HA,2018,2
N926DH,0,Unknown
N940AT,1999,21
N843HK,2004,16
N3735D,2000,20
N188SY,2017,3
N1603,1999,21
N700GS,1997,23
N975UY,2011,9
N291WN,0,Unknown
N921DU,0,Unknown
N332NW,1992,28
N597NN,2016,4
N937WN,0,Unknown
N897SK,2006,14
N650RW,2005,15
N903JB,2013,7
N155NN,2016,4
N506CA,2003,17
N967SW,2003,17
N919DL,0,Unknown
N109UW,1999,21
N121DU,2019,1
N706SW,1998,22
N413QX,0,Unknown
N986DL,0,Unknown
N653AW,1999,21
N526AS,2009,11
N903SW,2000,20
N523UW,2009,11
N429QX,2007,13
N909DA,1995,25
N486UA,0,Unknown
N12160,2004,16
N146PQ,2007,13
N905EV,2002,18
N966DL,1990,30
N76505,2006,14
N11565,2002,18
N8541W,2017,3
N626CZ,0,Unknown
N653NK,2018,2
N514AS,2008,12
N608CZ,0,Unknown
N710TW,1997,23
N960DL,1990,30
318NV,0,Unknown
N925EV,2003,17
N827JB,2013,7
N487HA,2001,19
N301PQ,2013,7
N811UA,0,Unknown
N326EN,0,Unknown
N24736,1999,21
N76265,2001,19
N7828A,2003,17
406NV,0,Unknown
N523JB,2001,19
N966WN,2011,9
N7717D,2005,15
N69839,2014,6
N607AE,0,Unknown
N835AY,2005,15
N85320,2015,5
N345NB,0,Unknown
N554CA,2008,12
N942WN,2009,11
N223FR,0,Unknown
N752AN,2001,19
N606JB,2005,15
N486HA,2001,19
N457AS,2014,6
N14173,2004,16
N482WN,2004,16
N782UA,0,Unknown
N766SW,0,Unknown
N480UA,0,Unknown
N525EA,0,Unknown
N3731T,2000,20
N167AN,2016,4
N108HQ,2007,13
N117UW,2000,20
N653AE,2001,19
N8629A,2014,6
N362FR,2019,1
N950AT,2000,20
N539US,1996,24
N434AS,2016,4
N709UW,1999,21
N13132,2003,17
N535JB,2002,18
N357NW,1998,22
N894AT,2004,16
N15572,2002,18
N708SK,0,Unknown
N2140U,2017,3
N832AA,2017,3
N138AN,2015,5
N954WN,2011,9
N761RR,0,Unknown
N529NK,2007,13
N228WN,2005,15
N647QX,2018,2
N804UA,0,Unknown
N909DE,1992,28
N360NB,2003,17
N919FJ,2004,16
N3754A,2001,19
N145AN,2015,5
N902DN,2018,2
N506GJ,0,Unknown
N83329,2015,5
N425YX,2014,6
N941NN,2013,7
N125AA,2014,6
N392DA,2000,20
N810MD,2004,16
N385DZ,2019,1
N204JQ,2008,12
N732US,2000,20
N723PS,2004,16
N780AN,1999,21
N246SY,2016,4
N944AN,2000,20
N283AK,2017,3
N8576Z,2018,2
N836AE,2002,18
N82314,0,Unknown
N686PA,0,Unknown
N930EV,0,Unknown
N347DN,2018,2
N343NW,1992,28
257NV,0,Unknown
N457WN,2004,16
N835UA,0,Unknown
N156GJ,0,Unknown
N969JB,2005,15
N11548,2002,18
N7704B,2004,16
N822AE,2002,18
N928VA,2018,2
N234WN,2006,14
N194DN,1997,23
N675BR,2002,18
N182GJ,2008,12
N76254,2000,20
N543EA,2011,9
N487WN,2004,16
N816NN,2009,11
N591NW,2003,17
N7882B,0,Unknown
N480WN,2004,16
N676UA,0,Unknown
N478WN,2004,16
N9004F,2013,7
326NV,0,Unknown
N9021H,2014,6
N348NB,2002,18
N922WN,2008,12
N512NK,2006,14
N786AN,2000,20
N551NW,2001,19
N908DL,1987,33
N540GJ,2006,14
N931NN,2013,7
N512AS,2008,12
N80348,2016,4
N119SY,2014,6
N54241,1999,21
N583NW,2002,18
N292WN,2007,13
N943FR,2005,15
N626VA,2006,14
N990NN,0,Unknown
N273AY,2000,20
N1201P,1998,22
N561WN,2003,17
N121AN,2014,6
N307DX,2016,4
N817AW,2000,20
N565JB,2003,17
N958UW,2008,12
N294WN,2007,13
337NV,0,Unknown
N467UA,0,Unknown
N8578Q,2018,2
N997DL,0,Unknown
N7701B,0,Unknown
N811AB,2015,5
N854NN,2010,10
N120DU,2019,1
N969WN,2011,9
N282NN,2019,1
N963NN,2014,6
N7745A,2007,13
N442WN,2003,17
N652RW,2005,15
N671DN,1992,28
N8659D,2015,5
N110HQ,2007,13
N9029F,2015,5
N412YX,2013,7
324NV,0,Unknown
N820UA,0,Unknown
N437QX,2009,11
N340DN,2018,2
N262NN,2017,3
N293SY,2019,1
N392AN,0,Unknown
N227UA,0,Unknown
N432SW,2001,19
N249PS,2004,16
N7833A,2003,17
N888DU,2017,3
N73256,2000,20
N190DN,1997,23
N198DN,1998,22
N778SK,2006,14
N6709,2000,20
N170US,2001,19
N841VA,0,Unknown
N718PS,2004,16
N941WN,2009,11
N433QX,0,Unknown
N621AE,1998,22
N676NK,2017,3
N970UY,2009,11
N994AN,0,Unknown
N981NN,0,Unknown
N8537Z,2017,3
N2138U,2017,3
N661AW,2000,20
N27965,2016,4
N284WN,2007,13
N14250,1999,21
N240WN,2006,14
N691AA,1993,27
N509DN,2018,2
N892DN,2018,2
N8306H,2012,8
N156DL,1991,29
N265NN,2018,2
N341NW,1992,28
N979SW,0,Unknown
N339NW,1992,28
N447SW,2002,18
N898SK,2007,13
N812AE,2001,19
N26967,2016,4
N36962,2015,5
418NV,0,Unknown
N31412,2002,18
N319NB,2000,20
N206NN,2015,5
N344NB,2002,18
N127HQ,2008,12
N513MJ,2003,17
N68834,2014,6
N498CA,2003,17
N910NK,2018,2
N294PQ,2013,7
N860NN,2010,10
N973DL,1991,29
N868RW,2006,14
N19141,2000,20
N38459,2012,8
N674RJ,2004,16
N253AK,2016,4
N140LL,0,Unknown
N758AN,2001,19
N989DL,0,Unknown
N37413,0,Unknown
N784SK,2009,11
N492AS,2015,5
N191AN,2001,19
N8687A,2016,4
N926LR,2004,16
N648UA,1992,28
N3758Y,2001,19
N362PH,1998,22
N189UW,2001,19
N14168,2004,16
N782AN,2000,20
N282SY,0,Unknown
N342NB,2002,18
N617UX,2019,1
N693DL,1998,22
N441QX,2011,9
N909EV,2002,18
N798SW,1998,22
N101DU,2018,2
N979RP,0,Unknown
N704US,1998,22
N378NW,2003,17
N847VA,2011,9
N320AS,2003,17
N305DN,2016,4
N3757D,2001,19
N632RW,2004,16
N7736A,2006,14
N283SY,2018,2
N156UW,2013,7
N401YX,2013,7
N7734H,2006,14
N2645U,2018,2
N8564Z,2018,2
N635RW,2004,16
N839AW,2006,14
N745SW,1999,21
N37409,2001,19
N75854,2002,18
877GA,0,Unknown
N6710E,2000,20
N964AT,2001,19
N13566,0,Unknown
N917DN,1996,24
N279JB,2007,13
N109SY,2014,6
N645QX,2018,2
N577AS,2007,13
N17185,2005,15
N8641B,2014,6
N832HK,2003,17
N504DN,2017,3
N628QX,2017,3
N548US,1996,24
N247WN,2006,14
N944DL,0,Unknown
N327EN,1991,29
N475UA,0,Unknown
N535AS,2011,9
N623CZ,0,Unknown
N670DN,1992,28
N831SK,2018,2
N187PQ,2008,12
N75853,2002,18
N945DL,0,Unknown
313NV,0,Unknown
N9618A,1997,23
N477UA,0,Unknown
N390DN,2019,1
404NV,0,Unknown
N460AW,2003,17
N753EV,2004,16
N16703,1998,22
N701DN,2008,12
N1605,1999,21
N437YX,2014,6
N750EV,2004,16
N8627B,2014,6
N29917,2001,19
N674DL,1992,28
N919FR,0,Unknown
N313FR,2017,3
N525AS,2009,11
N693AE,2004,16
N3773D,2010,10
N515MJ,2003,17
N227HA,2019,1
N748EV,2004,16
N7837A,2003,17
N866NN,2010,10
N27964,2016,4
N956LR,2005,15
N608LM,1998,22
N69813,2014,6
N7875A,2004,16
N197PQ,2008,12
N876DN,0,Unknown
N941SW,2003,17
N516NK,2006,14
N8724J,2018,2
N110DU,2019,1
N834AA,0,Unknown
N807DN,2013,7
N954SW,2003,17
N836VA,2010,10
N7708E,2004,16
N569WN,2002,18
N359NB,2003,17
N87339,2016,4
N523NK,2006,14
N77019,2007,13
N88335,2016,4
N634JB,2006,14
N681AE,2004,16
N658AE,2003,17
N924NN,2013,7
N680AW,2005,15
N8711Q,2017,3
N668CA,2004,16
N960SW,2003,17
N14240,1999,21
N27239,1999,21
N837SK,2019,1
N786UA,0,Unknown
N848UA,0,Unknown
N801NN,2009,11
N987JT,0,Unknown
N330EN,0,Unknown
N438QX,2009,11
N916FJ,2004,16
N934AN,2000,20
N920FR,0,Unknown
N103US,1999,21
N907FJ,2003,17
N328DN,2017,3
N583AS,2007,13
N930AN,2000,20
N337PJ,2017,3
N800AN,2015,5
N179UW,2001,19
N351DN,2018,2
N62883,2015,5
N122DU,2019,1
N151SY,2015,5
N7744A,0,Unknown
N624AE,1999,21
N912AN,1999,21
N906DL,0,Unknown
N2017J,2019,1
N329JB,2011,9
N558AS,2006,14
N493WN,2004,16
N725AN,2013,7
N13978,1999,21
N663AW,2001,19
N547US,1996,24
N88326,2015,5
N515AE,2003,17
N966AN,2001,19
N334NW,1992,28
N199DN,1998,22
N512UA,1990,30
N8554X,2017,3
N8548P,2017,3
N8705Q,2017,3
N762AN,2002,18
N349FR,2019,1
N7839A,2001,19
N586JB,2004,16
N908AA,2017,3
414NV,0,Unknown
N39475,2013,7
N174SY,2015,5
N922DZ,0,Unknown
N946NN,2014,6
N586NN,2016,4
N815AW,2000,20
N494AS,2016,4
N929DN,1996,24
N614SK,2002,18
N382DA,1999,21
N249NN,0,Unknown
N7840A,2000,20
N608SK,2006,14
N787SK,2009,11
N849AE,2003,17
N36472,2013,7
N636CZ,0,Unknown
N279MQ,2019,1
N217UA,0,Unknown
N531GJ,2005,15
N817UA,0,Unknown
N12126,2003,17
N956JB,0,Unknown
N11121,2003,17
N809DN,2013,7
N641UA,1991,29
N969DL,1990,30
N589UA,0,Unknown
N972AN,0,Unknown
N206SY,2017,3
N788AN,2000,20
N637QX,2018,2
N81449,2012,8
862GA,0,Unknown
N215NN,2015,5
N264SY,2018,2
N2333U,2017,3
N926VA,2018,2
N433YX,2014,6
N459SW,2003,17
N384AA,0,Unknown
N7724A,2009,11
N116DU,2019,1
N590JB,2004,16
N708SW,1998,22
N236NN,2016,4
N503DN,2017,3
N794SW,2001,19
N317US,1991,29
N512MJ,0,Unknown
N447UA,0,Unknown
N8970D,2004,16
N833AE,2002,18
N638AE,1999,21
N665UA,1998,22
N829SK,2018,2
N519NK,0,Unknown
276NV,0,Unknown
N903NK,2016,4
N302PQ,2014,6
N129HQ,2008,12
N722EV,2003,17
N932DL,0,Unknown
N929EV,2004,16
N562NN,2014,6
N854AE,2003,17
N8608N,2013,7
N863NN,2010,10
N110AN,2014,6
N729SW,1999,21
N871NN,2011,9
N438YX,2014,6
248NV,0,Unknown
N913WN,2008,12
N8675A,2015,5
N968AN,2001,19
N14180,2005,15
N929AN,2000,20
N563UW,2012,8
N773SK,2005,15
N134SY,2015,5
N8510E,2016,4
N37293,2005,15
N313SB,0,Unknown
N601DW,0,Unknown
N335RT,2018,2
N118DU,2019,1
N579AS,2007,13
N2639U,2017,3
N468AS,2014,6
N419WN,2001,19
N317FR,2017,3
N257SY,2017,3
N921EV,2003,17
N57864,2001,19
N656CA,2004,16
N923US,2015,5
N77536,2016,4
N297PQ,2013,7
N9628W,0,Unknown
N642qx,0,Unknown
N924WN,2008,12
N75858,2004,16
N856AS,2000,20
N318DX,2017,3
N14174,2004,16
N208JQ,2008,12
N556WN,2011,9
N7829B,2003,17
N837VA,2011,9
N861AS,2000,20
N865DA,1999,21
N223WN,2005,15
N315PQ,2014,6
N8321D,2012,8
N914XJ,2007,13
N921DL,0,Unknown
N920XJ,2008,12
N8692F,2016,4
N810UA,0,Unknown
N2331U,2016,4
N615CZ,0,Unknown
N37470,0,Unknown
N34460,2012,8
N350FR,2019,1
N823AN,2016,4
N701UW,0,Unknown
N403WN,2001,19
N3755D,2001,19
N953WN,2010,10
N26549,2002,18
N8328A,2012,8
N318FR,2017,3
N469WN,0,Unknown
322NV,0,Unknown
N375HA,2015,5
N863DN,2016,4
N451QX,2013,7
N428AW,2002,18
N87318,2014,6
N8547V,2017,3
N942DL,0,Unknown
N198SY,2018,2
N957DN,0,Unknown
N144AN,2015,5
N205SY,2017,3
N610NN,0,Unknown
N274WN,2007,13
N8646B,2014,6
N193AN,2001,19
N774AN,1999,21
N847HK,2004,16
N118US,2000,20
N101NN,2013,7
N813NW,0,Unknown
N419AS,2013,7
N150SY,2015,5
N109DU,2019,1
N555NW,2002,18
N742PS,2000,20
N41140,2000,20
N692DL,1998,22
N844NN,2010,10
N16217,1998,22
N11191,2005,15
N819NN,2009,11
N37465,2013,7
N925NN,2013,7
N707DN,2009,11
N326NB,2001,19
N8323C,2012,8
N8644C,2014,6
N624NK,2013,7
N734AR,2015,5
N121HQ,2007,13
N716SK,0,Unknown
N8628A,2014,6
N949AT,1999,21
N524VA,2007,13
N411ZW,2001,19
N818UA,0,Unknown
871GA,0,Unknown
N69829,2014,6
N69816,2014,6
N443YX,2015,5
N348FR,2019,1
N88301,2014,6
N858DZ,2016,4
N828UA,0,Unknown
N600NN,2016,4
N16911,2001,19
275NV,0,Unknown
N459UA,0,Unknown
N441ZW,2003,17
N417WN,2001,19
N941DN,0,Unknown
N964DL,1990,30
N532EA,2010,10
N949UW,2007,13
N671UA,0,Unknown
N664AW,2001,19
N385HA,2012,8
N21154,2003,17
N970AT,0,Unknown
N523VA,2007,13
N687DL,1998,22
N161UW,2001,19
N916DE,1993,27
N937DN,0,Unknown
N16987,2000,20
N544UW,2011,9
N683AE,2004,16
N829NW,2016,4
N341RW,2018,2
N809SK,2006,14
N727AN,2014,6
N838DN,2015,5
N896AT,2005,15
N994DL,0,Unknown
N807AE,2001,19
N142SY,2015,5
N350NA,1993,27
N968AT,0,Unknown
N633JB,2006,14
N190AA,2001,19
N135NN,2015,5
N682NK,2017,3
N864DN,2016,4
N239WN,2006,14
N730SW,1999,21
N747YX,2017,3
N138HQ,2008,12
N863RW,2005,15
N685UA,2002,18
N282AK,2017,3
N992NN,0,Unknown
N131NN,2015,5
N946JB,0,Unknown
N364FR,2019,1
N126HQ,2008,12
N720AN,0,Unknown
N32404,2001,19
N654AW,1999,21
N833AW,2002,18
N211JQ,2008,12
N314DN,2016,4
N954UW,0,Unknown
N276WN,2007,13
N792UA,1997,23
N817AE,2002,18
N8561Z,2018,2
N368NW,1999,21
N541US,0,Unknown
N825UA,0,Unknown
N817SK,2006,14
N793SA,2001,19
N548AS,2005,15
N353DN,2018,2
N905JH,2005,15
N3753,2001,19
N565AS,2006,14
216NV,0,Unknown
N103NN,2013,7
327NV,0,Unknown
N603KC,1998,22
N27903,2012,8
N87302,2014,6
N787AL,2000,20
N342FR,2018,2
N8609A,2013,7
N477HA,2001,19
N237PS,2004,16
N919AN,1999,21
N585AS,2007,13
N970JB,2016,4
N271SY,2018,2
N285AY,2010,10
N768US,2000,20
N962WN,2011,9
N756SK,2005,15
N39423,0,Unknown
N319US,1991,29
N629CZ,0,Unknown
N557NW,2002,18
N219UA,2001,19
N383DN,1999,21
N762SK,0,Unknown
N463UA,0,Unknown
N763JB,2008,12
N607UX,2019,1
N832AY,2005,15
N418UA,1994,26
N37274,2002,18
N526NK,2006,14
N805HC,2004,16
N948LR,2007,13
N692AA,1993,27
N2135U,2017,3
N751AN,2001,19
N14228,1999,21
N948UW,2007,13
N332DN,2017,3
N439UA,0,Unknown
N485HA,2001,19
N339FR,2018,2
N307DQ,0,Unknown
N159GJ,0,Unknown
N488HA,1998,22
N230PS,0,Unknown
N246LV,2006,14
N551WN,2001,19
N338DN,2018,2
N8552Z,2017,3
N261WN,2006,14
N811DZ,2013,7
N319DN,2017,3
N347NW,1993,27
N826UA,0,Unknown
N554JB,2002,18
N432UA,1996,24
N910FJ,2003,17
N865NN,2010,10
N717EV,2003,17
N210NN,2015,5
N703JB,2008,12
N964WN,2011,9
N45838,0,Unknown
N260SY,2017,3
N344DN,2018,2
N111NG,2019,1
N913JB,2013,7
N292AK,2018,2
N119HQ,2007,13
N962DL,1990,30
N701GS,1997,23
N902XJ,2007,13
N889DN,2017,3
N864NN,2010,10
N512AE,0,Unknown
403NV,0,Unknown
N880AS,2002,18
N455CA,2002,18
N917FJ,2004,16
N960AT,2001,19
N225WN,2005,15
N922XJ,2008,12
N589NW,2003,17
N689DL,1998,22
N723TW,2000,20
N527JL,2001,19
N573UW,2014,6
N802AN,2015,5
N11184,2005,15
N2029J,2019,1
N775AN,1999,21
N473WN,2004,16
N67815,2014,6
N323AS,2004,16
N812AW,2000,20
250NV,0,Unknown
N413UA,1994,26
N444QX,2011,9
N503MJ,2002,18
N823DX,2005,15
N252WN,2006,14
N155GJ,0,Unknown
N353NW,1998,22
N87353,2017,3
N8714Q,2017,3
N62884,2015,5
N184GJ,2008,12
N980SW,0,Unknown
N963DN,1999,21
N564NN,2015,5
N809JB,2012,8
N709DN,2010,10
N14230,1999,21
N989NN,0,Unknown
N432QX,0,Unknown
N687PA,1995,25
N8679A,2016,4
N8718Q,2018,2
N306DQ,2009,11
N844DN,2015,5
N924DN,0,Unknown
N37263,2001,19
N919NN,2013,7
N179SY,2016,4
N8655D,2014,6
N740SW,0,Unknown
N954DN,0,Unknown
N682AE,2004,16
N919XJ,2008,12
N825NW,2015,5
N394DL,1995,25
N595JB,2004,16
N232PQ,2009,11
N39415,2008,12
N988JT,0,Unknown
N184DN,1993,27
N329EN,0,Unknown
N8534Z,2017,3
N973UY,2011,9
N34137,1999,21
N275SY,2018,2
N593NW,2003,17
N905DE,1992,28
N891UA,2006,14
N951NN,2014,6
N239NN,2016,4
N70020,2014,6
N650AW,1998,22
N569JB,2003,17
N646UA,1992,28
N351FR,2019,1
N298JB,2009,11
334NV,0,Unknown
N906XJ,2007,13
N781WN,2000,20
N998NN,0,Unknown
N590HA,0,Unknown
N686NK,2018,2
N856RW,2005,15
N154AA,2016,4
N407UA,1994,26
N264AK,2016,4
N696DL,1999,21
N908FJ,2003,17
N355NB,2002,18
N837DN,2015,5
N999FR,0,Unknown
N985AT,0,Unknown
N732SK,2005,15
N228PQ,2009,11
N898DN,2018,2
N745SK,2005,15
N937EV,2005,15
N909AE,2005,15
N175AN,2001,19
N308RD,2017,3
N7874B,2004,16
N16701,1998,22
N442SW,0,Unknown
N808AW,1999,21
N627CZ,0,Unknown
N78285,2004,16
N739YX,2016,4
N756AM,2001,19
N36247,0,Unknown
N12552,2002,18
N629VA,0,Unknown
N967DL,1990,30
N827DN,2014,6
N9026C,2015,5
N922AT,2005,15
N306DN,2016,4
N246NN,2016,4
N358JB,2013,7
N445UA,0,Unknown
N487CA,2002,18
N674UA,0,Unknown
N617NK,2012,8
N427YX,2014,6
N183JB,2005,15
N796AN,2000,20
N783UA,0,Unknown
N166GJ,0,Unknown
N996AT,0,Unknown
N4032T,2015,5
N969TW,1999,21
N440QX,2011,9
N502AE,2001,19
N805NN,2009,11
N272AK,2017,3
N593AS,2008,12
N293AY,2014,6
N939SW,2003,17
N336NW,1992,28
N68842,2015,5
N994NN,0,Unknown
N7727A,2006,14
N162PQ,2008,12
N713SK,2004,16
N8708Q,2017,3
N521UW,2009,11
N878DN,2017,3
N192DN,1997,23
N6705Y,2000,20
N356DN,2018,2
N984TW,0,Unknown
N978NN,0,Unknown
N867RW,2006,14
N823SK,2008,12
N288AK,2018,2
N303AS,2001,19
N925DZ,2019,1
N664NK,0,Unknown
N876AS,2001,19
N3766,2001,19
N805AW,1999,21
N445QX,2011,9
N818AE,2002,18
N68801,2013,7
N855VA,2012,8
N13123,2003,17
N324PQ,2014,6
N338RS,2018,2
N75425,2008,12
N805H,0,Unknown
N556AS,2006,14
N900EV,2002,18
N370NB,2003,17
N904DA,0,Unknown
N373JB,2013,7
N204SY,2016,4
N10575,2002,18
N21197,2006,14
N15710,1998,22
N920SW,2002,18
N965JB,1997,23
N209JQ,2008,12
N8309C,2012,8
N993NN,0,Unknown
N822AW,2000,20
N65832,2014,6
N969NN,2015,5
N371DN,2019,1
N27477,2013,7
N103HQ,2007,13
N871RW,2006,14
N570NN,2015,5
N929JB,2014,6
N6701,1999,21
N540US,1996,24
N401AN,2019,1
N16981,1999,21
N853UA,0,Unknown
N14153,2003,17
N388AA,0,Unknown
N17560,2002,18
N38403,2001,19
N186US,2002,18
N775DE,2013,7
N312DN,2016,4
N3760C,2001,19
N938AN,2000,20
N456UA,0,Unknown
N35407,2001,19
N836NN,2010,10
N69059,2002,18
N770UW,2000,20
N8539V,2017,3
N630NK,2014,6
N8888D,2003,17
N304JB,2009,11
N77006,1998,22
N860AS,2000,20
N821MD,2004,16
N354CA,2002,18
N68802,2013,7
N264LV,2007,13
N343DN,2018,2
N580UW,2014,6
N921US,0,Unknown
N748SW,1999,21
N912EV,2002,18
N660NK,0,Unknown
N851UA,0,Unknown
N412QX,0,Unknown
N778SW,2000,20
N931AE,2005,15
N658NK,2015,5
N274NN,2019,1
N1607B,2000,20
N815NW,2007,13
N267AK,2017,3
N507AE,2002,18
N705PS,2004,16
N3772H,2010,10
N200PQ,2008,12
N588HA,0,Unknown
N954NN,2014,6
N8702L,2018,2
N789SK,2009,11
N204WN,2005,15
N740UW,2000,20
N8549Z,2017,3
N394AN,0,Unknown
N33284,2004,16
N317AS,2003,17
N336PQ,2014,6
N546US,1996,24
N543US,1996,24
N808AN,2015,5
N552JB,2002,18
N720WN,1998,22
N304FR,2016,4
N977JB,0,Unknown
N941AN,2000,20
N855AE,2003,17
328NV,0,Unknown
N8601C,2012,8
N106NN,2014,6
N904AA,2017,3
N195DN,1997,23
N407SW,1994,26
N8606C,0,Unknown
N207PS,2003,17
323NV,0,Unknown
N939UW,1994,26
N443SW,0,Unknown
N625QX,2017,3
N7831B,2003,17
N287SY,2018,2
N287AK,2018,2
N882NN,2011,9
N724SW,1999,21
N463AW,2003,17
N13720,1999,21
N911DE,1992,28
N970DL,1990,30
N724UW,1999,21
N221FR,0,Unknown
N898NN,2012,8
N552AS,2006,14
N800NN,2009,11
N8730Q,2018,2
N659AE,2003,17
N15983,2000,20
N846DN,2015,5
N88331,2015,5
N231AN,2016,4
N8313F,2012,8
N215WN,2005,15
N967JT,2016,4
N172DZ,1998,22
N8726H,2018,2
N514AE,2003,17
N632JB,2006,14
N972UY,2009,11
N284AK,2017,3
N37456,2012,8
N905DN,2018,2
N8030F,2015,5
N206FR,2010,10
N744SW,1999,21
N2016J,2019,1
N24973,2018,2
N400QX,2000,20
N310RF,2018,2
N251WN,2006,14
N455SW,2003,17
314NV,0,Unknown
N661JA,2003,17
N912FJ,2004,16
N703SW,0,Unknown
N8517F,2016,4
N845UA,0,Unknown
N952UW,2007,13
N117HQ,2007,13
N18112,1995,25
N14171,0,Unknown
N372DA,1998,22
N7711N,2005,15
N124HQ,2007,13
N769SW,2000,20
N306PB,2017,3
N8027D,2015,5
N3743H,2001,19
N118SY,2014,6
N363FR,2019,1
N17229,1999,21
N908NK,2018,2
N7812G,0,Unknown
N840AN,2019,1
N702SK,0,Unknown
N915DN,1996,24
N207FR,2010,10
N847DN,2015,5
N782SK,2009,11
N7818L,1999,21
N895AT,2004,16
N858RW,2005,15
N394DX,2019,1
N482UA,2001,19
N820AW,2000,20
N712FR,2016,4
N328NB,2001,19
N651AE,2001,19
N831MH,2000,20
N305FR,2016,4
N69888,2015,5
N219FR,0,Unknown
N908EV,2002,18
N222NS,2015,5
N619AE,1998,22
N470ZW,2004,16
319NV,0,Unknown
N272PQ,2013,7
N882RW,2008,12
N177DZ,1999,21
N643RW,2005,15
N418YX,2013,7
N926EV,2003,17
N288WN,2007,13
N972TW,1999,21
N698DL,1999,21
N8567Z,2018,2
N423AW,2002,18
N8976E,2004,16
N836AA,2018,2
N491HA,2003,17
N441UA,0,Unknown
N802AE,0,Unknown
N13118,2002,18
N605CZ,0,Unknown
N363NW,1998,22
N784SW,2000,20
N87360,2017,3
N910WN,2008,12
N90024,2014,6
N241SY,2016,4
N635QX,2018,2
N172US,2001,19
N48901,2001,19
N489UA,2002,18
N8530W,2017,3
N933DN,0,Unknown
N927UW,2015,5
N925VA,2017,3
N9006,2013,7
N154SY,0,Unknown
N923XJ,2008,12
N507AY,2008,12
N940WN,2009,11
N66825,2014,6
N111US,1999,21
N93003,2013,7
N281SY,2018,2
N8696E,2016,4
N316PQ,2014,6
N819AY,2005,15
N584UW,2014,6
N976UY,2012,8
N227NN,2016,4
N88341,2016,4
N450WN,2004,16
N776UA,0,Unknown
N667DN,1991,29
N235WN,2006,14
N126UW,2009,11
N153AN,2015,5
N12003,0,Unknown
N837NN,2010,10
N826MH,2000,20
N922NN,0,Unknown
N15751,1999,21
N812NN,2009,11
N797SK,2010,10
N7751A,2008,12
N224NN,2016,4
N648JB,2006,14
N709BR,2003,17
N814AA,2016,4
N24702,0,Unknown
N3732J,2000,20
N977AT,0,Unknown
N8715Q,2017,3
N8509U,2016,4
N73283,2004,16
N647TE,0,Unknown
N886AS,2001,19
N956AT,2000,20
N829DN,2014,6
N8310C,2012,8
N971JT,2016,4
N958SW,2003,17
N914WN,2008,12
N178DZ,2000,20
N12172,2004,16
N281NN,2019,1
N460WN,2004,16
N404AN,2019,1
N12216,1998,22
N403QX,2001,19
N350DN,2018,2
N987AM,0,Unknown
N622QX,2017,3
N553NW,2001,19
N12109,1994,26
N275AY,2000,20
N948AT,1999,21
N175GJ,0,Unknown
N8600F,2012,8
N957NN,2014,6
N643UA,1991,29
N333NW,1992,28
N248PS,2004,16
N272WN,2007,13
N216FR,2011,9
N11551,2002,18
N570WN,2002,18
N858NW,2006,14
N610AE,1998,22
N305AS,2001,19
N8886A,2003,17
N690CA,0,Unknown
N821SK,2007,13
N37290,2004,16
N158AN,2016,4
N294AK,2018,2
N37408,2001,19
N86347,2016,4
N996JL,0,Unknown
N14558,0,Unknown
N76533,2016,4
N404SY,2018,2
N967AT,2001,19
N685DA,1995,25
N128UW,2010,10
N644UA,1991,29
N101HQ,2007,13
N143SY,2015,5
N644NK,2016,4
N774DE,2012,8
N768SK,2005,15
N341NB,2002,18
N265JB,2006,14
N901DA,0,Unknown
N188US,2002,18
N175SY,2015,5
N77525,2010,10
N580NN,2015,5
N909AM,2017,3
N652JB,2007,13
N183UW,2001,19
N994AT,0,Unknown
N988AT,0,Unknown
N8643A,2014,6
N457UA,0,Unknown
N827NW,0,Unknown
N385DN,1999,21
N724YX,2015,5
N852NN,2010,10
N961DN,0,Unknown
N854NW,2004,16
N66056,2001,19
N76288,2004,16
N392HA,2013,7
N814AW,2000,20
N199UW,2013,7
N679AW,2005,15
N423AS,2013,7
N133EV,2009,11
N371CA,2003,17
N355PU,2017,3
N992AU,0,Unknown
N642RW,2004,16
N843UA,0,Unknown
N7743B,2008,12
N465SW,2003,17
N519AE,2003,17
N347FR,2019,1
N988JB,0,Unknown
N258WN,2006,14
N58101,1994,26
N863DA,1999,21
N633SK,2011,9
N807SK,0,Unknown
N673DL,1992,28
N8650F,2014,6
N223HA,2019,1
N965JT,2016,4
N745VJ,2000,20
N214JQ,2008,12
N909XJ,2007,13
N902FJ,2003,17
N26952,2015,5
N17963,2016,4
N916DN,1996,24
N93305,2014,6
N693BR,2003,17
N572UW,2013,7
N3746H,2001,19
N2341U,2017,3
N343AN,0,Unknown
N8524Z,2017,3
N131EV,2009,11
N983AT,0,Unknown
221NV,0,Unknown
N8529Z,2017,3
N654AE,2001,19
N268NN,2018,2
N359NW,1998,22
N965NN,2015,5
N398CA,2003,17
N961JB,2006,14
N652BR,2000,20
8805,0,Unknown
N218NN,2015,5
N857RW,2005,15
N347AN,0,Unknown
N555NN,2014,6
N298WN,0,Unknown
N859NN,2010,10
N845NN,2010,10
N949JB,2009,11
N841NN,2010,10
N135SY,2015,5
N8946A,2004,16
N791UA,0,Unknown
N7827A,2003,17
N981JT,0,Unknown
N7848A,2005,15
N890NN,2012,8
N854UA,2002,18
N621JB,2005,15
N561NN,2014,6
N53442,2009,11
N909AN,1999,21
N806AW,1999,21
N354DN,2018,2
N77865,2002,18
N8604K,2012,8
N178SY,2016,4
N109NN,2014,6
N7862A,2005,15
N967TW,1999,21
N243WN,2006,14
N834JB,2013,7
N268WN,2007,13
N107US,1999,21
N34282,0,Unknown
N587UA,0,Unknown
N9617R,0,Unknown
N945LR,2006,14
N757AN,2001,19
N423SW,2000,20
N760US,2000,20
N102UW,1998,22
N811NN,2009,11
N7813P,2001,19
N189SY,2017,3
N86311,2014,6
N877DN,2017,3
N828DN,2014,6
N609DP,1998,22
N186SY,2016,4
N88327,2015,5
N628CZ,0,Unknown
N755EV,0,Unknown
N686BR,2003,17
N930WN,2009,11
N998AN,0,Unknown
N977DL,0,Unknown
N111ZM,2014,6
N69838,2014,6
N779UA,0,Unknown
N12225,1998,22
N958JB,2015,5
N66848,2015,5
N16546,2002,18
N905XJ,2007,13
N571NN,2015,5
N335NW,1992,28
N6712B,2000,20
N77510,2008,12
N412UW,2019,1
N958AN,2001,19
N788UA,0,Unknown
N925UY,2015,5
N13995,2000,20
N253NN,2017,3
N959DN,0,Unknown
N203NN,2015,5
N671AE,2004,16
N907AE,2005,15
N512DN,2019,1
N331EN,0,Unknown
N38257,2000,20
N824UA,0,Unknown
N767SW,0,Unknown
N30401,2001,19
N124AA,2014,6
N149SY,2015,5
N732YX,2015,5
N907AN,1999,21
N733UW,2000,20
N12221,1998,22
N298SY,2019,1
N334FR,2018,2
N776DE,2013,7
N905AN,1999,21
N751UW,2000,20
N969AT,0,Unknown
N715SW,1998,22
N15555,0,Unknown
N932LR,2005,15
N317DN,2017,3
N8631A,2014,6
N710SW,1998,22
N414WN,2001,19
260NV,0,Unknown
N472WN,2004,16
N616QX,0,Unknown
N651AW,1998,22
N606NN,2019,1
N976AN,2001,19
N827AW,2001,19
N652AW,1999,21
N525AE,2010,10
N846UA,0,Unknown
N253WN,2006,14
N605NN,2019,1
N220WN,2005,15
N923SW,2002,18
N8316H,2012,8
N6708D,2000,20
N281JB,2007,13
N414UA,1994,26
N635AE,1999,21
N358FR,2019,1
N453QX,2015,5
N48127,1998,22
N583JB,2004,16
N518LR,2006,14
N647RW,2005,15
N66808,2013,7
271NV,0,Unknown
N844AE,2003,17
N518AE,2003,17
N133HQ,2008,12
N213NN,2015,5
N913DN,1996,24
N387DN,2019,1
N425LV,2002,18
N460UA,0,Unknown
N78009,1999,21
N410AW,2001,19
N974JB,2009,11
N740YX,2016,4
N8637A,2014,6
N919US,2015,5
N62849,0,Unknown
N2846U,2018,2
N421QX,2007,13
N33714,1998,22
N717JL,2002,18
N89321,2015,5
N934FJ,2005,15
N912WN,2008,12
N215HA,0,Unknown
N834UA,0,Unknown
N801NW,2003,17
N546FF,2011,9
N45440,2009,11
N822AN,0,Unknown
N549CA,2008,12
N89304,2014,6
N11137,2003,17
N947DN,0,Unknown
N35271,2001,19
N829AW,0,Unknown
N364NB,2003,17
N373DX,2019,1
233NV,0,Unknown
N33262,2001,19
N468UA,0,Unknown
N358PW,2017,3
N604QX,0,Unknown
N422WN,2002,18
N190JB,2005,15
N278AY,2001,19
N942NN,2013,7
N272NN,2019,1
301NV,0,Unknown
N570JB,2003,17
N78524,2010,10
N925AN,1999,21
N943DN,0,Unknown
N27734,1999,21
N333NB,2001,19
N559UW,2012,8
N352NB,2002,18
N104UW,1999,21
N7830A,0,Unknown
N728SW,1999,21
SS25,0,Unknown
419NV,0,Unknown
N19117,1996,24
N330FR,2018,2
N607AS,1999,21
N902BC,2005,15
N924FJ,0,Unknown
N679CA,2007,13
N203WN,2005,15
N114SY,2014,6
N969SW,0,Unknown
N12163,2004,16
N441SW,2002,18
N78509,2008,12
N649AE,2008,12
N634CZ,0,Unknown
N479AS,2015,5
N277AY,2001,19
N14907,2001,19
N694DL,1998,22
N891NN,2012,8
N766US,2000,20
N195SY,2017,3
N974AT,2002,18
N19136,1999,21
N612UX,2019,1
N87337,2016,4
N110UW,1999,21
N604UX,2019,1
N684JW,2004,16
N14158,2004,16
N416QX,0,Unknown
N938UW,1994,26
N821AE,2002,18
N839MH,2001,19
N483WN,2004,16
N800AY,2004,16
N559NN,2014,6
N953DL,0,Unknown
N304RB,2017,3
N11107,2002,18
N8562Z,2018,2
N828AW,0,Unknown
N6700,1999,21
N597JB,2004,16
N24211,1998,22
N432YX,0,Unknown
N646NK,0,Unknown
N568AS,2007,13
325NV,0,Unknown
N791SW,2000,20
N174US,0,Unknown
N357PV,2017,3
N401QX,2001,19
N935DL,0,Unknown
N16183,2005,15
N639NK,2015,5
N945JT,2014,6
881GA,0,Unknown
N463SW,2003,17
N207AN,2015,5
N431AW,1998,22
N852UA,0,Unknown
N838AE,2002,18
N930VA,2019,1
N8688C,2002,18
N654NK,2018,2
N545PB,2011,9
N422QX,2007,13
N943AT,0,Unknown
N443WN,2003,17
N750YX,2017,3
N207JQ,2008,12
N912NK,2018,2
N797AN,2001,19
N176SY,2016,4
N38727,1999,21
N665BC,2004,16
N233FR,2016,4
255NV,0,Unknown
N249LR,2011,9
N73278,2003,17
N906AN,1999,21
N923AN,1999,21
N262PS,0,Unknown
N344FR,2018,2
N522VA,2006,14
N7541A,0,Unknown
N323US,1991,29
N943WN,2010,10
N853NW,2004,16
N326DN,2017,3
N655RW,2005,15
N37507,0,Unknown
N529AS,2010,10
N13988,2000,20
N315RJ,2018,2
N774XF,2003,17
N655CA,0,Unknown
N931DL,0,Unknown
N12157,2004,16
N7832A,2003,17
N534EA,0,Unknown
N309US,1990,30
N961TW,1999,21
N910EV,2002,18
N266JB,2007,13
N27205,2000,20
N826AN,2017,3
N923VA,2017,3
N875AS,2001,19
N760EV,2005,15
N931XJ,2008,12
N8719Q,2018,2
N898UA,2007,13
N544US,1996,24
N79541,2017,3
N878AS,2002,18
N185GJ,2008,12
N584NW,2002,18
N8728Q,2018,2
N104HQ,2007,13
N313PQ,2014,6
N712US,1999,21
N6702,1999,21
N37420,2008,12
N10156,2004,16
N933AN,0,Unknown
N176DZ,1999,21
N961AN,2001,19
N233LV,2006,14
N720EV,0,Unknown
N640AE,1999,21
N986AT,0,Unknown
N879DN,2017,3
N210JQ,2008,12
N37419,2008,12
N952JB,2015,5
N868CA,2000,20
315NV,0,Unknown
N995NN,0,Unknown
N7728D,2006,14
N118NN,2014,6
N580JB,2003,17
N202PS,2003,17
N3730B,2000,20
N851AE,0,Unknown
N658AW,1999,21
N379CA,2003,17
N905AU,2017,3
N284AY,2010,10
N681DA,1993,27
N474UA,0,Unknown
N963UW,2008,12
N8511K,2016,4
N192JB,2005,15
N8713M,2017,3
N406YX,2013,7
N171GJ,0,Unknown
N237WN,2006,14
N802UA,0,Unknown
N17139,2000,20
N556UW,2012,8
N980UY,0,Unknown
N860DN,2016,4
N806UA,0,Unknown
N371DA,1998,22
N958DL,1990,30
N8686A,2016,4
N494UA,0,Unknown
N958WN,2011,9
311NV,0,Unknown
N629NK,2014,6
N17128,1998,22
N206UW,1995,25
N22909,2001,19
N891DN,2018,2
N226UA,0,Unknown
N928AM,2017,3
N949NN,2014,6
N909FJ,2003,17
N557AS,2006,14
N85358,2017,3
N85351,2017,3
N607AT,2000,20
N77296,2005,15
N468CA,0,Unknown
N680DA,1992,28
N8535S,2017,3
N238NN,2016,4
N378CA,0,Unknown
N229PS,2004,16
N829AN,2017,3
N8965E,2004,16
N958AT,0,Unknown
N254WN,2006,14
N395HA,2013,7
N7864B,2001,19
N7849A,2006,14
N38424,2008,12
N847NN,2010,10
N284SY,2018,2
N7746C,2007,13
N765AN,2003,17
N380DN,2019,1
N949DL,1990,30
N235JQ,2008,12
N966JB,2013,7
N205FR,2010,10
N619CZ,0,Unknown
N968NN,2015,5
N3747D,0,Unknown
N259NN,2017,3
N968JB,0,Unknown
N839VA,2011,9
N389DA,0,Unknown
N907SW,2001,19
N924AT,2000,20
N176UW,0,Unknown
N226HA,2019,1
N39463,2012,8
N151UW,2013,7
N551GJ,2009,11
N642VA,2008,12
N510UA,1990,30
N8546V,2017,3
N961NN,2014,6
N8584Z,2018,2
N912DN,1996,24
N407WN,2001,19
N586UW,2014,6
N113DQ,2019,1
N846VA,2011,9
N337PQ,2014,6
N649JB,2006,14
N255WN,2006,14
N35204,2000,20
N641RW,2004,16
N37434,2009,11
N467AS,2014,6
N209NN,2015,5
N998JE,2018,2
887GA,0,Unknown
N651UA,0,Unknown
N8325D,2012,8
N889NN,2012,8
N629BR,1998,22
N914DU,2019,1
N423QX,2007,13
N263NN,2017,3
N86336,2016,4
N663JB,2007,13
N349DX,2018,2
N646RW,2005,15
N896NN,2012,8
N912XJ,2007,13
N190UW,2001,19
N454UA,0,Unknown
N932AN,2000,20
N280WN,2007,13
N645JB,2006,14
N976JT,2017,3
N63820,2014,6
N667UA,0,Unknown
N998AT,0,Unknown
N8565Z,2018,2
N337EN,0,Unknown
N582CA,2008,12
N7826B,2003,17
N907NK,2018,2
N446YX,2015,5
N16559,2002,18
N57868,2002,18
N809MD,2004,16
N8319F,2012,8
N221PS,2004,16
N538US,1996,24
N7841A,0,Unknown
N922NK,2019,1
N14186,2005,15
N471UA,0,Unknown
N938DN,0,Unknown
N16170,2004,16
N85355,2017,3
N789JB,2011,9
N8501V,2016,4
N593JB,2004,16
N89308,2014,6
N667NK,0,Unknown
N831UA,0,Unknown
N171SY,2015,5
N8928A,2004,16
N365VA,2016,4
N407AN,2019,1
N568NN,2015,5
N712TW,1997,23
N8569Z,2018,2
N127SY,2014,6
N810SK,0,Unknown
N564AS,2006,14
N697DL,1999,21
223NV,0,Unknown
N87527,2010,10
N828MH,2000,20
N8611F,2013,7
N304DQ,0,Unknown
N8607M,2013,7
N901WN,2007,13
N950JB,2005,15
N393HA,0,Unknown
N76519,2010,10
N86334,2016,4
N644RW,2004,16
N639CZ,0,Unknown
N989AU,0,Unknown
N641NK,2015,5
N556NN,2014,6
N631SK,2011,9
N188DN,0,Unknown
N816NW,2007,13
N105SY,2014,6
N545US,1996,24
N369NW,1999,21
N939NN,2013,7
N805SK,2006,14
N723UW,1999,21
N8727M,2018,2
N709FR,2016,4
N328RR,2018,2
N791SK,2009,11
N746SW,1999,21
N942JB,2014,6
N365PX,0,Unknown
N209HA,2018,2
N606NK,2011,9
N975JT,2017,3
N12004,2019,1
N979AT,2002,18
N694AE,2004,16
N539UW,2009,11
N900WN,2007,13
N369DN,2019,1
N495UA,0,Unknown
N78001,1998,22
N186DN,1995,25
N538AS,2012,8
N533AE,2010,10
N156SY,2016,4
N540UW,2009,11
N813AE,2001,19
N917AN,1999,21
N452QX,2013,7
N176DN,1990,30
N966JT,2016,4
N363NB,2003,17
N8518R,2016,4
N816AE,2002,18
N318NB,2000,20
N209PS,0,Unknown
N830AW,0,Unknown
N811NW,2005,15
N106DU,2019,1
N38451,2012,8
N14219,1998,22
N8733M,2019,1
N8903A,2004,16
N320US,1991,29
N773SA,2000,20
N258SY,2017,3
N137HQ,2008,12
N960DN,1998,22
N626NK,2014,6
N538EG,2010,10
N836AY,2005,15
N614UX,2019,1
N420YX,2014,6
N590AA,0,Unknown
N839AA,2018,2
N435AS,2013,7
N965WN,2011,9
N67058,0,Unknown
N33103,1994,26
N8877A,2003,17
N210WN,2005,15
N935NN,2013,7
N390HA,2013,7
N638JB,2006,14
N558UW,2012,8
N472CA,2002,18
N950AN,2000,20
N380HA,2010,10
N654DL,1990,30
N440SW,2001,19
N572NN,2015,5
N334JB,2011,9
N33292,2004,16
N126DU,2019,1
N134EV,2009,11
N587UW,2014,6
N510DN,2018,2
N831AW,2001,19
N890DN,2018,2
N307FR,2017,3
N407AS,2012,8
N825DN,2014,6
N397AN,1999,21
N221UA,2001,19
N836HK,2003,17
N916US,2015,5
N17752,1999,21
N980JT,0,Unknown
N908DA,0,Unknown
N67846,2015,5
N870RW,2006,14
N184SY,2016,4
N7816B,0,Unknown
N374PH,1999,21
N405UA,1993,27
N778AN,1999,21
N224WN,2005,15
N979EV,0,Unknown
N86344,2016,4
N813DN,2014,6
N377NW,2003,17
N623NK,2013,7
N918DU,2019,1
N8301J,2012,8
N593ML,2001,19
N592AS,2008,12
872GA,0,Unknown
N207UW,2001,19
N273SY,2018,2
N662EH,2004,16
N435AW,2002,18
N3769L,2002,18
N8690A,2016,4
N376CA,2003,17
N622VA,0,Unknown
N961WN,2011,9
N53441,0,Unknown
N7739A,2006,14
N85323,2015,5
N45956,2015,5
N987AT,0,Unknown
N841UA,0,Unknown
N712SK,2004,16
N825SK,0,Unknown
N953DN,0,Unknown
N813SK,0,Unknown
N903WN,2007,13
N621VA,0,Unknown
N69847,2015,5
N439YX,2014,6
N873RW,2006,14
N462AW,2003,17
N922DX,0,Unknown
N339NB,2002,18
N942DN,1997,23
N374DA,0,Unknown
N496UA,0,Unknown
N640NK,2015,5
N492WN,2004,16
N923WN,2008,12
N798AN,2001,19
N979NN,0,Unknown
N563WN,2002,18
N375DN,0,Unknown
N136AN,2015,5
N615NK,2012,8
N8775A,2003,17
N829NN,2010,10
N710FR,2016,4
N836UA,0,Unknown
N328FR,2018,2
N800AE,2001,19
N644AE,1999,21
N13553,2002,18
N826NN,2010,10
N665AW,2001,19
N999DN,0,Unknown
N8680C,0,Unknown
N541GJ,2005,15
N187SY,2017,3
N928EV,2004,16
N3763D,2001,19
N258PS,2004,16
N24224,1998,22
N663UA,0,Unknown
N8625A,2014,6
N839SK,2019,1
259NV,0,Unknown
N414ZW,2001,19
N824NN,2010,10
N215JQ,2009,11
N905JB,2013,7
N14977,1999,21
N557WN,2000,20
N268SY,2018,2
N37508,0,Unknown
N8536Z,2017,3
N843DN,2015,5
N249WN,2006,14
N635NK,2014,6
N877AS,2001,19
N76514,2008,12
N203JB,2006,14
N12135,2003,17
N703SK,2004,16
N655AE,2001,19
N27722,1999,21
N494CA,2003,17
N8603F,2012,8
N248NN,2017,3
N542EA,2011,9
N85354,2017,3
N469UA,0,Unknown
N917SW,0,Unknown
N526EA,2010,10
N8706W,2017,3
N683DA,1993,27
N973AN,2001,19
N774SK,2006,14
N7733B,2006,14
N77542,2017,3
N234JW,2016,4
N225NN,2016,4
N922FJ,2004,16
N24128,2003,17
N862RW,2005,15
N822DX,2005,15
N949JT,2015,5
N595UA,0,Unknown
N426AW,2002,18
N588JB,2004,16
N8689C,2016,4
N8657B,2015,5
N949WN,2010,10
N37253,2000,20
N629JB,2005,15
N294JB,2008,12
N451WN,2004,16
N953AN,2001,19
N38950,2014,6
N975AT,2002,18
N941DL,0,Unknown
N899SK,2007,13
N996AN,0,Unknown
N8665D,2015,5
N24103,2002,18
N675AE,2004,16
N934WN,2009,11
N548CA,2008,12
N301DQ,0,Unknown
N554WN,2002,18
N918NN,2013,7
N28457,2012,8
N24972,2018,2
N594JB,2004,16
N738CB,1999,21
N8942A,2004,16
N524JB,2001,19
N567UW,2013,7
272NV,0,Unknown
N436AW,2002,18
N21130,2003,17
N832NN,2010,10
N716FR,2017,3
N14105,2002,18
N659DL,0,Unknown
N957JB,2015,5
N945NN,2014,6
N562AS,2006,14
N783SW,2000,20
N923NN,2013,7
N279PQ,2013,7
N470UA,0,Unknown
N8322X,2012,8
N830SK,2018,2
N524UW,2009,11
N400SY,2018,2
N8566Z,2018,2
N910DE,1992,28
N343PN,2017,3
N840DN,2015,5
N323FR,2017,3
N921WN,0,Unknown
N918DL,0,Unknown
N277AK,2017,3
N703TW,1996,24
N998DL,0,Unknown
N8312C,2012,8
N952LR,2015,5
N850AE,2003,17
N929SW,2002,18
N555AN,0,Unknown
N76065,2002,18
N403YX,2013,7
N690NK,2018,2
N664MS,2004,16
N338PK,2017,3
N354NW,1998,22
N127UW,2010,10
N644JB,2006,14
N8577Z,2018,2
N8720L,2018,2
N849NN,2010,10
N960NN,2014,6
N197AN,2001,19
N551UW,2011,9
N14120,1997,23
N649NK,2017,3
N66057,0,Unknown
N8572X,2018,2
N88330,2015,5
N187DN,1996,24
N926NN,2013,7
N943SW,2003,17
N719SW,1998,22
N229NN,2016,4
N836MH,2000,20
N26545,2002,18
N550NN,2014,6
N218UA,2001,19
N718SK,0,Unknown
N831NW,0,Unknown
N895NN,2012,8
N24212,1998,22
N935XJ,2008,12
N265SY,2018,2
N920AT,2000,20
N630JB,2005,15
N582HA,0,Unknown
N79402,2001,19
N816DN,2014,6
N8305E,2012,8
N606LR,2008,12
N849VA,2012,8
N62889,2015,5
N217HA,2018,2
N943NN,2013,7
N943JB,0,Unknown
N824AE,2002,18
N229UA,0,Unknown
N381DZ,2019,1
N662UA,0,Unknown
N603JB,2005,15
N78008,1999,21
N8663A,2015,5
N535UW,2009,11
N7878A,2005,15
N9018E,2014,6
N17753,2002,18
N112HQ,2007,13
N954AT,2000,20
N950LR,2007,13
N955NN,2014,6
N3756,2001,19
N709EV,2002,18
N238AK,2016,4
N727SW,1999,21
N16112,2002,18
N621CZ,0,Unknown
N707SA,0,Unknown
N987AN,0,Unknown
N3765,2001,19
N169GJ,0,Unknown
N37422,2008,12
N613NK,2012,8
N514MJ,2003,17
N934AT,2000,20
N133AN,2015,5
N7834A,2004,16
N444YX,2015,5
N427QX,2007,13
N379DN,2019,1
N383HA,2011,9
N972JT,2016,4
N252SY,2016,4
N444WN,2003,17
N8626B,2014,6
N14121,1997,23
N203SY,2016,4
N911FJ,2003,17
N846NN,2010,10
N845VA,2011,9
N621NK,2013,7
N950DL,0,Unknown
N996JB,0,Unknown
N149AN,2015,5
N741SA,1998,22
N418SW,2000,20
N7884G,0,Unknown
N101NK,0,Unknown
N285NN,2019,1
N562UW,2012,8
N264NN,2018,2
412NV,0,Unknown
N417UA,1994,26
N915AN,1999,21
N905NN,2012,8
N177US,0,Unknown
N979AN,2009,11
N637CZ,0,Unknown
N8667D,2015,5
N594SW,1999,21
N74007,1999,21
N37252,2000,20
N547JB,2002,18
N835NN,2010,10
N350RV,2018,2
N510JB,2000,20
N608UX,2019,1
N864DA,1999,21
N7713A,2005,15
N838AA,2018,2
N8559Q,2018,2
N39450,0,Unknown
N16149,2003,17
N609SK,2002,18
N198AA,2001,19
N652NK,2017,3
N402WN,2001,19
N80343,2016,4
N899DN,2018,2
N714CB,1998,22
N402AN,2019,1
N588NN,2016,4
N723EV,2004,16
N366NW,1999,21
N815SK,0,Unknown
N66051,2000,20
N220UA,2001,19
N76517,2008,12
N261SY,2017,3
N423WN,2002,18
N961AT,2001,19
N686UA,2003,17
N346FR,2019,1
N437AW,0,Unknown
N69885,2015,5
N391HA,2013,7
N250SY,2016,4
N836AW,2005,15
N833SK,2019,1
N710PS,2004,16
N390AA,0,Unknown
N77012,1999,21
330NV,0,Unknown
N308PQ,2014,6
N256NN,2017,3
N731YX,2015,5
N238WN,2005,15
N932EV,2005,15
N921DN,0,Unknown
N8621A,2013,7
N983JB,0,Unknown
N426UA,1995,25
N27733,1999,21
N77295,2005,15
N343FR,2018,2
N356NW,1998,22
N8582Z,2018,2
N819AE,2002,18
N297SY,2019,1
N355DN,2018,2
N443QX,2011,9
N9016,2014,6
N341FR,2018,2
N810DN,2013,7
N345NW,1993,27
N746UW,2000,20
N999JQ,2018,2
N440LV,2003,17
N352NW,1998,22
N178DN,1991,29
N181UW,0,Unknown
N812NW,2006,14
N75426,2008,12
N395DZ,2019,1
N928DU,2019,1
N966NN,2015,5
N874DN,2017,3
N669CA,2004,16
N933NN,2013,7
N851NN,2010,10
N625CA,2003,17
N211SY,2017,3
N419YX,2013,7
N8883E,2003,17
N684DA,1993,27
N982AN,0,Unknown
N120EE,2014,6
N306AS,2001,19
N7815L,2003,17
N604LR,2007,13
N281AK,2017,3
N914DN,1996,24
N913AN,1999,21
N119US,2000,20
N236AK,2016,4
N8545V,2017,3
N607SK,2006,14
N524NK,2006,14
N928AE,2005,15
N681PA,1995,25
N412UA,1994,26
N939FR,2005,15
N12006,2019,1
N458UA,0,Unknown
N692CA,2006,14
N931LR,2005,15
N424WN,2002,18
N401WN,2001,19
215NV,0,Unknown
N270NN,2019,1
N245PS,2004,16
N826MD,2005,15
N591JB,2004,16
N686DA,1995,25
N440AS,2013,7
N964NN,2015,5
N8622A,2013,7
N15912,2001,19
N542US,1996,24
N68807,0,Unknown
N505AE,2002,18
N751SK,2005,15
N7835A,2005,15
N605LR,2008,12
N706JB,2008,12
N204NN,2015,5
N518UA,1990,30
N602NK,0,Unknown
N695DL,1998,22
N914UY,2014,6
N904XJ,2007,13
N526JB,0,Unknown
N9013A,2013,7
N7707C,2004,16
N373HA,2014,6
N633VA,2007,13
N364NW,1999,21
N119DU,2019,1
N476WN,2004,16
N529VA,2008,12
N719SK,0,Unknown
N417YX,2013,7
N761AJ,2002,18
N588NW,2003,17
N279WN,2007,13
N384DN,2019,1
N899NN,2012,8
N3745B,2001,19
N248AK,2016,4
N226WN,2005,15
N938AT,2006,14
N730AN,2014,6
N201JQ,2008,12
N673AW,0,Unknown
N706SK,2004,16
N349PQ,2015,5
N878NN,2011,9
N958LR,2015,5
N195UW,0,Unknown
N328NW,1992,28
N672UA,0,Unknown
N600BP,1998,22
N122HQ,2007,13
N204UW,2000,20
N709JB,2008,12
N533AS,2011,9
N818AW,2000,20
N592NN,2016,4
N259SY,2017,3
N769UA,0,Unknown
N327NB,2001,19
N11176,2004,16
N8513F,2016,4
N841AE,2002,18
N601XJ,2005,15
N667GB,2004,16
N936NK,2021,-1
N893UA,2006,14
N467AW,0,Unknown
N202NN,2015,5
N370NW,1999,21
N86316,2014,6
N977NN,0,Unknown
N588AS,2007,13
N867DN,2016,4
N7718B,2005,15
N965SW,2003,17
N87306,2014,6
N185AN,2001,19
N293AK,2018,2
N106SY,2014,6
N8936A,2004,16
N599JB,2004,16
N603NK,2010,10
N286NN,2019,1
N690DL,1998,22
N705FR,2015,5
N338NB,2002,18
N504TE,0,Unknown
N609CZ,0,Unknown
N550NW,2001,19
N228HA,2019,1
N483AS,2015,5
N909SW,2001,19
N823DN,2014,6
N770SA,2000,20
N972NN,2015,5
N985JB,0,Unknown
N916DU,2019,1
N516AE,2003,17
N938FR,2005,15
N803SK,2006,14
N330PQ,2014,6
N908NN,2012,8
N505MJ,0,Unknown
N361DN,2018,2
N45905,2012,8
N230FR,2015,5
N419UA,1994,26
N66831,2014,6
N87319,2014,6
N876NN,2011,9
N966TW,1999,21
N913FJ,2004,16
N341DN,0,Unknown
N879AS,2002,18
N37018,2002,18
N786SK,2009,11
N821AW,2000,20
N658DL,0,Unknown
N810NW,2005,15
N76515,2008,12
N765SW,2000,20
N855NW,2004,16
N76528,2010,10
N335FR,2018,2
N691NK,2018,2
N391AA,0,Unknown
N1610D,2000,20
N8326F,0,Unknown
258NV,0,Unknown
N932NN,2013,7
N938DL,0,Unknown
N141NN,2015,5
N201FR,2008,12
N433UA,0,Unknown
N659AW,2000,20
N956DL,1990,30
N216WR,2005,15
N280AY,2009,11
N564JB,2003,17
N752SK,2005,15
N644QX,2018,2
N747SA,1999,21
N8308K,2012,8
N29906,2001,19
N331FR,2018,2
251NV,0,Unknown
N387DA,2000,20
N981AN,0,Unknown
N924XJ,2008,12
N361HA,2017,3
N537EA,2010,10
N261NN,2017,3
N26210,1998,22
N75428,2008,12
N771SK,2006,14
N354PT,2017,3
N951DN,1997,23
N14115,1995,25
N68821,2014,6
N724AN,2013,7
N778UA,0,Unknown
N377DN,0,Unknown
N800SK,2006,14
N649RW,2005,15
N475WN,2004,16
N189DN,1997,23
N119NN,2014,6
N357DN,2018,2
N173GJ,0,Unknown
N992AN,0,Unknown
N774UA,0,Unknown
N937SW,0,Unknown
N596AS,2008,12
N19951,2014,6
302NV,0,Unknown
N270WN,1998,22
N650QX,2019,1
N941FR,2005,15
N688DL,1998,22
N429AW,2002,18
N842HK,2004,16
N77530,2011,9
N795UA,0,Unknown
N993AN,0,Unknown
N950UW,2007,13
N7877H,2005,15
N185DN,1995,25
N780SW,2000,20
N296PQ,2013,7
N19554,2002,18
N243JQ,2008,12
N115DU,2019,1
N957DL,0,Unknown
N893AT,2004,16
N827UA,0,Unknown
N9681B,1999,21
N68453,2012,8
N801AW,1998,22
N924VA,2018,2
N641VA,2008,12
N945JB,2001,19
N103DU,0,Unknown
N228PS,0,Unknown
N986AN,0,Unknown
N593NN,2016,4
N218PS,2003,17
N397DN,2019,1
N510UW,2009,11
N8668A,2015,5
N967AN,2001,19
N622NK,2013,7
N585UW,2014,6
N506JB,2000,20
N26960,2015,5
N18101,2002,18
N302DN,0,Unknown
N928LR,2005,15
N388DN,2019,1
N534AE,2010,10
N439AW,2003,17
N286AY,0,Unknown
N613SK,0,Unknown
N783AN,2000,20
N844MH,0,Unknown
N38955,2015,5
N273AK,2017,3
N402UA,1993,27
N316FR,2017,3
N758US,2000,20
N9625W,1998,22
N164GJ,0,Unknown
N267NN,2018,2
N767SK,2005,15
N161PQ,2008,12
N732SW,1999,21
N926AN,2000,20
N489HA,1998,22
307NV,0,Unknown
N330DX,2017,3
N477CA,2002,18
N944JB,0,Unknown
N827AN,2017,3
N7725A,2006,14
N553AS,2006,14
N279SY,2018,2
N580HA,0,Unknown
N878UA,2005,15
N466WN,2004,16
N799AN,2001,19
N636AE,1999,21
N632QX,2018,2
N991AN,0,Unknown
N415YX,2013,7
N69810,2013,7
N18223,1998,22
N14731,1999,21
N908SW,2001,19
N718TW,1999,21
N469AW,2004,16
N16147,2003,17
308NV,0,Unknown
N993DL,0,Unknown
N493UA,0,Unknown
N18119,1997,23
N874RW,2006,14
N934XJ,2008,12
N490UA,0,Unknown
N721AN,2013,7
N765SK,0,Unknown
N562JB,2003,17
N28529,0,Unknown
N254PS,2004,16
N39461,2012,8
N8532S,2017,3
N738SK,2005,15
N8528Q,2017,3
N990JB,0,Unknown
N602XJ,2005,15
N178JB,2005,15
N948DN,0,Unknown
N606SK,2006,14
N915AT,2001,19
N891AT,2004,16
N239JB,2006,14
N214AK,2019,1
N980EV,0,Unknown
N948DL,0,Unknown
N464AS,2014,6
N865RW,2006,14
N78540,2017,3
N822NW,0,Unknown
N7866A,2002,18
329NV,0,Unknown
N728YX,2015,5
N409AA,2019,1
N876UA,2004,16
N927NN,2013,7
N917EV,2003,17
N452UA,0,Unknown
N14562,2002,18
N947SW,2003,17
N29129,1998,22
N569AS,2007,13
N686AE,2004,16
N913DE,1993,27
N437UA,0,Unknown
N354JB,2013,7
N191DN,1997,23
N331PQ,2014,6
N581NN,2015,5
N802NN,0,Unknown
N902FR,0,Unknown
N610CZ,2007,13
N871DN,0,Unknown
N788SK,2009,11
N842UA,0,Unknown
N562WN,2000,20
N283JB,2007,13
224NV,0,Unknown
N509JB,2000,20
N276AY,2001,19
N706TW,1997,23
N8639B,2014,6
312NV,0,Unknown
N897DN,2018,2
N63890,2015,5
N215PS,2003,17
N3734B,2000,20
N233NN,2016,4
N987SW,0,Unknown
N373DA,1998,22
N973JT,2018,2
N438AW,2003,17
N646JB,2006,14
N936DL,0,Unknown
N475HA,2001,19
N982TW,0,Unknown
N89349,2017,3
N613UX,2019,1
N740SK,2005,15
N638VA,2008,12
N3768,2002,18
N796SK,0,Unknown
N360DN,2018,2
N403UA,1993,27
N916NK,2019,1
N907WN,2008,12
N495AS,2016,4
N742YX,2017,3
N795AN,2000,20
N37506,2018,2
N334DN,2017,3
N804DN,2013,7
N759GS,0,Unknown
N934SW,2002,18
N459AS,2014,6
N187AN,0,Unknown
N959UW,2008,12
N987NN,0,Unknown
N228JB,2006,14
N823NW,0,Unknown
N521VA,2006,14
N450AW,2003,17
N970NN,2015,5
279NV,0,Unknown
N471AS,2014,6
N964TW,1999,21
N8969A,2004,16
N968JT,2016,4
N8619F,2013,7
N77261,2001,19
N286VA,2016,4
N803AW,1998,22
N8653A,2014,6
N403AS,2012,8
N520AS,2009,11
N778XF,2009,11
N399DA,2000,20
N896DN,2018,2
N607NK,2011,9
N300PQ,2013,7
N366DX,2019,1
N61882,2015,5
N235FR,2016,4
N186GJ,2008,12
N647AW,1997,23
N912NN,2012,8
N150NN,2015,5
N349NW,1993,27
N869NN,2011,9
N162AA,2016,4
N9002U,2013,7
N247JS,2004,16
N995JB,0,Unknown
N245WN,0,Unknown
N396AN,1999,21
N307PQ,2014,6
N16561,2002,18
N645RW,2005,15
N555LV,2011,9
N449QX,0,Unknown
N525NK,0,Unknown
N544EA,2011,9
N913EV,2002,18
N830NN,2010,10
N7825A,2003,17
N434UA,0,Unknown
N873AS,2001,19
N7824A,2001,19
N685AE,2004,16
N114HQ,2007,13
N458WN,2004,16
N754EV,2004,16
N918AE,2005,15
N21129,2003,17
N809AW,1999,21
N551AS,2006,14
N63899,2016,4
N481AS,2015,5
N16709,1998,22
N211FR,2011,9
N157GJ,0,Unknown
N454SW,2003,17
N339JB,2011,9
N997AT,0,Unknown
N946DL,0,Unknown
N36444,2010,10
N978JB,0,Unknown
N16541,2001,19
N76010,1999,21
N925WN,2008,12
N75435,2009,11
N323JB,2010,10
N773XF,2003,17
N504MJ,2002,18
N34110,2002,18
N771SA,2000,20
N505DN,2017,3
N820AY,2005,15
N710EV,2002,18
N920DN,0,Unknown
N368CA,2003,17
N395AN,0,Unknown
N743SW,1998,22
N982VJ,0,Unknown
N871AS,2001,19
N957UW,2008,12
N705JB,2008,12
N845DN,2015,5
N8634A,2014,6
N541EA,2011,9
N721FR,2017,3
N389AA,0,Unknown
N799SW,0,Unknown
N160SY,2016,4
N125SY,2014,6
N910AT,2001,19
N394DA,2000,20
N634VA,0,Unknown
N534NK,2008,12
N348JB,2012,8
N785UA,0,Unknown
310NV,0,Unknown
N326PQ,2014,6
N897UA,2007,13
N595NN,2016,4
N507NK,2005,15
N806DN,2013,7
N38446,2012,8
N17233,1999,21
N785SK,2009,11
891GA,0,Unknown
N332FR,0,Unknown
N352FR,2019,1
N702DN,2008,12
N496CA,2003,17
N957AT,2000,20
N27190,2005,15
N456WN,2004,16
N820SK,2006,14
N8674B,2015,5
N421ZW,1999,21
N589NN,2016,4
N624JB,2005,15
N537UW,2009,11
N383DZ,2019,1
N8031M,2015,5
N437SW,2001,19
N8555Z,2017,3
N930XJ,2008,12
N781AN,2000,20
N635VA,2008,12
N991JB,0,Unknown
N7883A,0,Unknown
N498UA,0,Unknown
N69830,2014,6
N29124,0,Unknown
N713SW,1998,22
N688AE,2004,16
N768SW,2000,20
8809,0,Unknown
N294SY,0,Unknown
N212HA,2018,2
N237AK,2016,4
N132HQ,2008,12
N655AW,1999,21
N243LR,2006,14
N8315C,2012,8
N240SY,2016,4
N699AE,2005,15
N824NW,0,Unknown
N352DN,2018,2
N857AE,2003,17
N856AE,2003,17
N669NK,2016,4
N991NN,0,Unknown
N819AN,2017,3
N14118,1997,23
N17719,1999,21
N344AN,0,Unknown
N181GJ,2008,12
N263SY,2018,2
N7888A,2007,13
N8685B,2016,4
N590NN,2016,4
N715FR,2016,4
N7735A,2006,14
N407QX,0,Unknown
N8514F,2016,4
N59053,2000,20
N950JT,2015,5
N201UU,1995,25
N818NN,2009,11
N832SK,2019,1
N3739P,2000,20
N337FR,2018,2
N218FR,0,Unknown
N805AN,2015,5
N820AE,2002,18
N68880,2015,5
N86350,2017,3
N440YX,2014,6
N919NK,2019,1
N812SK,0,Unknown
N257WN,2006,14
N628AE,0,Unknown
228NV,0,Unknown
N717FR,0,Unknown
N556NW,2002,18
N198UW,2013,7
N959DL,1990,30
N375PH,0,Unknown
227NV,0,Unknown
217NV,0,Unknown
N582UW,2014,6
N16008,2019,1
N177SY,2016,4
N657UA,1993,27
N37437,2009,11
N983NN,0,Unknown
N590AS,2008,12
N735SA,1999,21
N937NN,2013,7
N831NN,2010,10
N995DL,0,Unknown
N702PS,2004,16
N38467,2013,7
N213WN,2005,15
N943AN,2000,20
N632qx,0,Unknown
N402SY,2018,2
N685NK,2018,2
N252NN,2017,3
N462PA,1997,23
N952DN,0,Unknown
N75861,2001,19
N914AN,1999,21
N889AS,2001,19
N602AE,1998,22
N822NN,2010,10
N1611B,2000,20
N262WN,2006,14
N710SK,2004,16
N804AW,1999,21
N258NN,2017,3
N944JT,2014,6
N245JQ,2008,12
N983SW,0,Unknown
N362DN,2018,2
N271NN,2019,1
N821DN,2014,6
N944AT,0,Unknown
N436WN,2003,17
N927XJ,2008,12
N571JB,0,Unknown
N8533S,2017,3
N36469,0,Unknown
N11536,2001,19
N597UA,0,Unknown
N920FJ,2004,16
N420QX,0,Unknown
N614NK,2012,8
N704FR,2015,5
N292AY,2014,6
N1609,2000,20
N956NN,2014,6
N15574,0,Unknown
N603CZ,2007,13
N528VA,2008,12
N266AK,2016,4
N187US,2002,18
N210UA,0,Unknown
N835AW,0,Unknown
N989AN,0,Unknown
N928DN,0,Unknown
N430YX,2014,6
N684NK,2018,2
N118HQ,2007,13
N652RS,2001,19
N388HA,2012,8
N448UA,0,Unknown
N841MH,2001,19
N82333,2015,5
N8918B,2004,16
N764SW,0,Unknown
N845AE,2003,17
N353NB,2002,18
N409UA,1994,26
N826DN,2014,6
N215AK,2019,1
N874NN,2011,9
N220NN,2015,5
N539GJ,2005,15
249NV,0,Unknown
N644AS,2003,17
N78004,1998,22
N598JB,2004,16
N47505,2018,2
N708EV,2002,18
N296JB,2008,12
N904NN,2012,8
N348DN,2018,2
878GA,0,Unknown
N916WN,2008,12
N328JB,2011,9
N380DA,1999,21
N423UA,1995,25
N584AS,2007,13
N450QX,2013,7
N166PQ,2008,12
N755US,2000,20
N222WN,2005,15
N944NN,2014,6
N903DN,2018,2
N696NK,2019,1
N668HH,2004,16
N588UA,0,Unknown
N589AS,2007,13
N382HA,2010,10
235NV,0,Unknown
N809UA,0,Unknown
N567WN,2002,18
N236WN,2006,14
N3014R,2013,7
N7881A,0,Unknown
N78003,1998,22
N955SW,2003,17
N346DN,2018,2
N997JL,2018,2
N726SW,1999,21
N892AT,2004,16
N241LR,2006,14
N75851,2001,19
N828AA,2017,3
N932AT,2000,20
N187JB,2005,15
N968TW,1999,21
N9019F,2014,6
N527VA,2008,12
N324RN,2018,2
N705UW,0,Unknown
N367DN,2019,1
N306RC,2017,3
N938WN,2009,11
N954JB,2015,5
N214WN,2005,15
N430WN,2002,18
N316NB,2000,20
N910AU,2017,3
N900PC,1997,23
317NV,0,Unknown
N922DL,1988,32
N12218,0,Unknown
N680AE,2004,16
N815DN,2014,6
N479CA,2002,18
N821DX,2004,16
N656JB,2007,13
N8523W,2017,3
N799UA,0,Unknown
N41135,1999,21
N566JB,2003,17
N138EV,2009,11
N307AS,2001,19
N8009T,2013,7
N676CA,2007,13
N728SK,2005,15
N856NN,2010,10
N813UA,0,Unknown
N62896,2016,4
N8544Z,2017,3
N271LV,0,Unknown
N940AN,2000,20
N12122,2003,17
N152UW,2013,7
N962SW,2003,17
N14214,1998,22
332NV,0,Unknown
N348AN,0,Unknown
N8648A,2014,6
N37471,0,Unknown
N375NC,2002,18
N478PX,0,Unknown
N916AN,0,Unknown
N197SY,2018,2
N844HK,2004,16
N859DN,2016,4
N833AA,2017,3
N430QX,2007,13
N78511,2008,12
N160AN,2016,4
N448WN,2003,17
N534AS,2011,9
N669MB,2004,16
N617AE,1998,22
N736AT,2016,4
N66837,2014,6
N675UA,0,Unknown
N211WN,2005,15
N879NN,2011,9
321NV,0,Unknown
N409YX,2013,7
N250NN,2017,3
N639RW,2004,16
N8613K,0,Unknown
N332NB,2001,19
N602NN,2019,1
N725PS,2005,15
N73276,2002,18
N667AW,2002,18
N3750D,2001,19
N15910,2001,19
N242LR,2006,14
N499WN,2005,15
N8324A,2012,8
N374NW,2001,19
N433LV,2003,17
N247JB,2006,14
N516AS,2008,12
N707EV,2002,18
N446QX,2011,9
N936AT,1999,21
N579JB,2003,17
N902NN,2012,8
N965TW,1999,21
N285SY,2018,2
N464UA,0,Unknown
N337JB,2011,9
N449UA,0,Unknown
N474WN,0,Unknown
886GA,0,Unknown
N68823,2014,6
N843AE,2003,17
N638NK,2015,5
N86324,2015,5
N202SY,2016,4
N902EV,2002,18
N517AE,2003,17
N760SK,2005,15
N630CZ,0,Unknown
N251PS,2004,16
N2002J,2019,1
N124SY,2014,6
N847UA,2001,19
N400WN,2001,19
N3741S,2001,19
N427ZW,2002,18
N193JB,2005,15
N192SY,2017,3
N178US,2001,19
N547NN,2014,6
N57870,2003,17
N583HA,0,Unknown
N226NN,2016,4
N883NN,2012,8
N67501,2018,2
N39416,2008,12
N792AN,2000,20
N910FR,2002,18
N930DZ,2019,1
N7885A,2002,18
N779JB,2009,11
N416UA,1994,26
225NV,0,Unknown
N8568Z,2018,2
N132EV,2009,11
N911DL,1987,33
N7550,0,Unknown
N929XJ,2008,12
N12195,2005,15
N69818,2014,6
N810AN,2015,5
N793SK,2009,11
N973NN,2015,5
N340CA,2002,18
N7752B,2008,12
N7738A,2006,14
N6716C,2001,19
N8729H,2018,2
N73299,2005,15
N89357,2017,3
N7867A,0,Unknown
N8320J,2012,8
N185UW,2002,18
N403SY,2018,2
N972JB,2006,14
N806HC,0,Unknown
N910SW,2001,19
N3764D,2001,19
N262SY,2018,2
N954DL,0,Unknown
N7858A,2005,15
N13718,1999,21
N362NB,2003,17
N318JB,2010,10
N197UW,2009,11
N165US,2001,19
N493HA,2005,15
N34111,2002,18
N24974,2018,2
N13913,2001,19
N508AE,2002,18
N917WN,2008,12
N442AW,2003,17
N708UW,1999,21
N532NK,2007,13
N3749D,2001,19
N153DL,0,Unknown
N3748Y,2001,19
N935AN,2000,20
N521AE,2004,16
N13124,2003,17
N819UA,0,Unknown
N611NN,2019,1
N114DU,2019,1
N772SK,2005,15
N673AE,2004,16
N520JB,2001,19
N360FR,2019,1
N342RX,2019,1
N604AE,1998,22
N179DN,1991,29
N69833,2014,6
N508MJ,2003,17
N917DU,2019,1
N113HQ,2007,13
N472AS,2015,5
N174GJ,0,Unknown
N951AT,2000,20
N804SK,2006,14
N886NN,2012,8
N744YX,2017,3
N8542Z,2017,3
N349AN,0,Unknown
N320PQ,2014,6
N641QX,2018,2
N8560Z,2018,2
N261PS,2004,16
N37513,2019,1
N432AW,1998,22
N922AN,1999,21
N485UA,2001,19
N470WN,2004,16
N18220,1998,22
N927AN,2000,20
N7741C,2007,13
N431UA,1996,24
N637NK,2015,5
N468WN,2004,16
N919SW,2002,18
N963WN,2011,9
N73275,2002,18
N981JB,0,Unknown
N692NK,2018,2
N368JB,2013,7
N354FR,2019,1
N12540,2001,19
N287NN,2019,1
N465AW,2004,16
N87303,2014,6
N453AW,2003,17
N7705A,0,Unknown
N8623F,2013,7
N8543Z,2017,3
N725UW,1999,21
N321RL,2018,2
N87512,2008,12
N288NN,2019,1
N305NX,2016,4
N16571,2002,18
N465WN,2004,16
N912DE,1992,28
N527AS,0,Unknown
N813AW,2000,20
N889UA,0,Unknown
N27958,2015,5
N620AE,0,Unknown
N343NB,2002,18
N331NB,0,Unknown
N402DX,2019,1
869GA,0,Unknown
N62895,2016,4
N923DL,0,Unknown
N747UW,0,Unknown
N230WN,2006,14
N416YX,2013,7
N8317M,2012,8
N446WN,2003,17
N681NK,2017,3
N177XF,2006,14
N838AW,2005,15
N925DN,0,Unknown
N455WN,2004,16
N136EV,2009,11
N913NN,2013,7
N167US,2001,19
N658JB,2007,13
N719AN,2013,7
N212WN,2005,15
N718AN,2012,8
N501GJ,2001,19
N3733Z,2000,20
N438WN,2003,17
N402YX,2013,7
N802AW,1998,22
N614AS,1999,21
N900AE,2004,16
N689EC,2004,16
N752YX,2017,3
N8732S,0,Unknown
N67827,2014,6
N500AE,2001,19
N213HA,2018,2
N439QX,2009,11
N516JB,2000,20
N272AY,2000,20
N974DL,1991,29
N29968,2016,4
N902AN,1999,21
N397DA,2000,20
N241NN,2016,4
N176AA,2002,18
N835VA,2010,10
N631AE,1999,21
N38268,2001,19
N7821L,2003,17
N546AS,2005,15
N16732,1999,21
N931EV,2005,15
N639AE,1999,21
N689CA,2007,13
N2747U,2018,2
N183DN,1993,27
N875NN,2011,9
N581NW,2002,18
N14117,2002,18
N213JQ,2008,12
N288AY,0,Unknown
N623VA,0,Unknown
N502GJ,2001,19
N3761R,2001,19
N917DL,1988,32
N314NB,2000,20
N221WN,2005,15
N9022G,2014,6
N256SY,2017,3
N938SW,2003,17
N377DA,1999,21
N552WN,2002,18
N923FR,0,Unknown
N855RW,2005,15
N895UA,2007,13
N86322,2015,5
N797UA,0,Unknown
N848VA,2011,9
N509AE,2003,17
N6707A,2000,20
N925AT,2000,20
N985NN,0,Unknown
N389HA,0,Unknown
N955JB,2015,5
N834AY,2005,15
N443UA,0,Unknown
N861DA,1999,21
865GA,0,Unknown
N502MJ,0,Unknown
N924SW,2002,18
N901NN,2012,8
N608NK,2011,9
N57869,2002,18
N869RW,2006,14
N12145,2003,17
N243NN,2016,4
N759AN,2001,19
N460SW,2003,17
N952SW,2003,17
N919DE,0,Unknown
N930AT,2000,20
N664UA,0,Unknown
N408YX,2013,7
N403AN,2019,1
N107DU,2019,1
261NV,0,Unknown
N872DN,2017,3
N309JB,2009,11
N904DN,2018,2
N638CZ,0,Unknown
N7855A,2005,15
N875RW,2007,13
N915DL,0,Unknown
N906EV,0,Unknown
N928AT,2000,20
N8699A,2016,4
N78501,2006,14
N8828D,2003,17
N14237,1999,21
N766JB,2008,12
861GA,0,Unknown
N497WN,2004,16
N247AK,2016,4
N461UA,0,Unknown
N5007E,2013,7
N744EV,2004,16
N927DN,1999,21
N615JB,2005,15
N27503,2018,2
N672NK,2017,3
N477AS,2015,5
N854DN,2016,4
N109HQ,2007,13
N830UA,0,Unknown
N631CZ,0,Unknown
N324DX,2017,3
N393DN,2019,1
N777UA,1995,25
N725YX,2015,5
N975JB,2015,5
N910NN,2012,8
N670NK,2016,4
N669UA,0,Unknown
N67845,2015,5
N842DN,2015,5
N812UA,0,Unknown
N327NW,1992,28
N77538,2016,4
N892UA,2006,14
N39418,2008,12
N199SY,2018,2
N783CA,0,Unknown
N238FR,2016,4
N846HK,2004,16
N168GJ,0,Unknown
N409AS,2013,7
N8642E,2014,6
N274JB,2007,13
N409QX,0,Unknown
N915DU,2019,1
N927WN,0,Unknown
N944LR,2006,14
N18114,2002,18
N910DN,1995,25
N136HQ,2008,12
N428QX,0,Unknown
N309AS,2001,19
N703UW,1998,22
N87531,2011,9
N195AN,2001,19
N925XJ,2008,12
N678DL,1992,28
N21144,2003,17
N965DL,1990,30
N152SY,0,Unknown
N64809,2013,7
N714US,1999,21
N107HQ,2007,13
N705SW,1998,22
N14125,2003,17
N174DZ,1998,22
N615QX,0,Unknown
N929AT,2000,20
N346AN,0,Unknown
N928XJ,2008,12
N205WN,2005,15
N247SY,2016,4
N819DX,2004,16
N280SY,2018,2
N411UA,1994,26
N869DN,2016,4
N438SW,2001,19
N212UA,0,Unknown
N7706A,2004,16
N814NN,2009,11
N273WN,2007,13
N702BR,2000,20
N961DL,0,Unknown
N296WN,2007,13
N11164,2004,16
N329NB,2001,19
424NV,0,Unknown
N763SW,2000,20
N8522P,2017,3
N270AY,2000,20
N957AN,2001,19
N926SW,2002,18
N136SY,2015,5
N66828,0,Unknown
N9620D,1997,23
N283NN,2019,1
N228UA,0,Unknown
N955LR,2015,5
219NV,0,Unknown
N907AA,2017,3
N424UA,1995,25
N422YX,2014,6
N8661A,2015,5
N78005,1998,22
N8579Z,2018,2
N362VA,2016,4
N806MD,2004,16
N615AS,2000,20
N354NB,2002,18
N739GB,1998,22
N982NN,0,Unknown
N454WN,2004,16
N303PQ,2014,6
N748YX,2017,3
N14735,1999,21
N378HA,2015,5
N435UA,0,Unknown
N444ZW,2003,17
N263WN,2007,13
N11544,2002,18
N603SK,0,Unknown
N901DN,2018,2
N653RW,2005,15
N951DL,0,Unknown
N67171,2001,19
N698CB,2004,16
N935LR,2005,15
N147AA,2015,5
N511AE,2003,17
N185SY,2016,4
N627AE,1999,21
N323DN,2017,3
N245NN,2016,4
N936AN,2000,20
N240JQ,2008,12
N552NW,2001,19
N803NN,0,Unknown
N68811,2014,6
N613JB,2005,15
N12175,2004,16
N948AN,2000,20
N696AE,2004,16
N7716A,2005,15
N12028,2015,5
N612CZ,0,Unknown
N36476,2013,7
N902NK,2016,4
N320NB,2000,20
N8697C,2016,4
N36272,2001,19
N73291,2004,16
N549NN,0,Unknown
N89313,2014,6
N420UA,1994,26
N679NK,2017,3
N861RW,2005,15
N917UY,2015,5
N177DN,1991,29
N12201,2006,14
N434YX,2014,6
N13975,1999,21
N396DA,2000,20
N181PQ,2008,12
N8722L,2018,2
N526VA,2008,12
N75429,2008,12
N937AT,2001,19
N939DL,0,Unknown
N317NB,2000,20
N66803,2013,7
N932SW,2002,18
N809CA,2000,20
N310DE,2009,11
N175DZ,1999,21
N513AE,2003,17
N76523,2010,10
N57852,2001,19
N442UA,0,Unknown
N857DZ,0,Unknown
N452AW,2003,17
N574NN,2015,5
N718EV,2003,17
N263AK,2016,4
N614AE,1998,22
N429YX,2014,6
N203JQ,2008,12
N28478,2013,7
N755SA,1999,21
N967NN,2015,5
N924EV,2003,17
N717UW,1999,21
N26966,2016,4
N406UA,1994,26
N523AE,2004,16
N8563Z,2018,2
N88332,2015,5
N914NN,2013,7
N418AW,2002,18
N992AT,0,Unknown
N530AS,2010,10
N661NK,2015,5
N108SY,2014,6
N919DU,2019,1
N918XJ,2007,13
N922AE,2005,15
N522NK,2006,14
N601EN,2019,1
N605JB,2005,15
N27724,1999,21
N38454,2012,8
N920NK,0,Unknown
N779CA,0,Unknown
N618NK,2013,7
N942LR,2005,15
N425AW,2002,18
N653CA,0,Unknown
N925AE,2005,15
N506NK,2005,15
N8923A,2004,16
N601UX,0,Unknown
N241PS,0,Unknown
N755AN,2001,19
N761ND,2005,15
N921AT,2000,20
N905WN,0,Unknown
N391CA,2003,17
N423YX,2014,6
N453UA,0,Unknown
N806SK,2006,14
N8617E,2013,7
N511MJ,0,Unknown
N27200,2006,14
N111HQ,2007,13
N908DN,0,Unknown
N780UA,0,Unknown
N132SY,2015,5
N368DN,2019,1
N27152,0,Unknown
N324FR,2017,3
N708JB,2008,12
N319AS,2003,17
N390CA,2003,17
N801AE,0,Unknown
N783SK,2009,11
N8694E,2016,4
N249JB,2006,14
N212NN,2015,5
N21723,1999,21
N517NK,2006,14
N159AN,2016,4
N428AS,2016,4
N825MH,2000,20
320NV,0,Unknown
N6713Y,2000,20
N382DN,2019,1
N176PQ,2008,12
N271AY,0,Unknown
N948NN,2014,6
N258JB,2006,14
N7847A,2005,15
N267WN,2007,13
N448AW,2003,17
N530NK,2007,13
N232FR,2015,5
N171DN,1990,30
N980AN,2009,11
N7747C,2007,13
N519AS,2009,11
N459WN,2004,16
N459AW,2003,17
N777AN,1999,21
N181SY,2016,4
N535EA,2010,10
N763US,2000,20
N608AT,2000,20
N338FR,2018,2
N741YX,2017,3
N614QX,2002,18
N37464,2012,8
N130SY,2015,5
N388DA,2000,20
N653JB,2007,13
N467WN,2004,16
N560UW,2012,8
N62894,2016,4
N884DN,2017,3
N203UW,2000,20
N290WN,2007,13
N464SW,2003,17
N21537,2001,19
N24706,1998,22
N248LR,2011,9
N492SW,1997,23
N204HA,2017,3
N151GJ,0,Unknown
N850NN,2010,10
N12125,1998,22
N809AA,2015,5
N752SW,1999,21
N752US,2000,20
N902DE,1992,28
N908AN,1999,21
N359DN,2018,2
N282AY,2009,11
N936XJ,2008,12
N821UA,0,Unknown
N609NN,2019,1
N163SY,2016,4
N877UA,2004,16
N985JT,0,Unknown
N476HA,2001,19
N619AS,2000,20
N557NN,2014,6
N1402A,0,Unknown
N823AW,2001,19
N344PP,2017,3
N631NK,2014,6
N657RW,2005,15
N781UA,0,Unknown
N123DQ,2019,1
N750SK,2005,15
N679DA,1992,28
N57111,1994,26
N251AK,0,Unknown
N330NB,2001,19
N13903,2001,19
N76532,2016,4
N1613B,2001,19
N14916,2001,19
N14188,2005,15
N807AA,2015,5
N801DZ,2013,7
N78017,2002,18
N508JL,2000,20
N918FJ,2004,16
N120HQ,2007,13
N723SW,1999,21
N818NW,2007,13
N939AE,2005,15
N265AK,2016,4
N105NN,2013,7
N906WN,2008,12
N161SY,2016,4
N379HA,2015,5
N298AK,2019,1
316NV,0,Unknown
N659NK,2015,5
N491WN,2004,16
N11155,2004,16
N9615W,0,Unknown
N461AW,2003,17
N953SW,2003,17
N635JB,2006,14
N901XJ,2007,13
N7547A,1990,30
N2534U,2017,3
N660DL,1990,30
N161GJ,0,Unknown
N946AT,1999,21
N427WN,2002,18
N932WN,2009,11
N970AN,2001,19
N880DN,2017,3
N33264,2001,19
N928SW,2002,18
N436UA,0,Unknown
N715SK,0,Unknown
N990AT,0,Unknown
N280NN,2019,1
N955AT,2000,20
N947LR,0,Unknown
N171US,2001,19
N26902,2012,8
N359FR,2019,1
N693CA,2006,14
N154DL,1991,29
N934DL,0,Unknown
N662NK,2015,5
N793JB,2011,9
N880RW,0,Unknown
N930SW,0,Unknown
N521LR,2006,14
N396HA,2014,6
N7836A,1999,21
N613QX,0,Unknown
N670AE,2004,16
N202FR,2008,12
N155DL,1991,29
N7845A,2006,14
N954LR,2015,5
N656AW,1999,21
N315PE,2017,3
N819AW,2000,20
N930LR,2005,15
N7850B,2001,19
N4888U,2007,13
N979UY,0,Unknown
N630QX,2017,3
N975SW,2004,16
N913SW,2001,19
N913DU,2018,2
N3751B,2001,19
N945SW,2003,17
N224UA,0,Unknown
N845HK,0,Unknown
N404DX,2019,1
N772XF,2003,17
N944DN,1997,23
N901DE,1992,28
N301FR,2016,4
N915EV,2003,17
N699DL,1999,21
N725SW,1999,21
N894NN,2012,8
N971JB,0,Unknown
N8894A,0,Unknown
N995AT,0,Unknown
N8515X,2016,4
N568WN,2001,19
N374DX,2019,1
N554NW,2001,19
N520DC,2004,16
N962JT,2016,4
N831AE,2002,18
N167SY,2016,4
N815AE,2002,18
N8943A,2004,16
N478HA,2001,19
N37514,0,Unknown
N153GJ,0,Unknown
N836DN,2015,5
N627QX,2017,3
N16065,1999,21
N834DN,2015,5
N336RU,2018,2
N335NB,2002,18
N897NN,2012,8
N75432,2009,11
N242JS,0,Unknown
N668AW,2002,18
N481WN,2004,16
N834SK,2019,1
N57016,2000,20
N426QX,2007,13
N2749U,2019,1
N410WN,2001,19
N807NN,0,Unknown
N8556Z,2017,3
N461SW,2003,17
N966AT,2001,19
N821JB,2012,8
N639JB,2006,14
N168SY,2016,4
N907DL,1987,33
N721UW,1999,21
N635CZ,0,Unknown
N37255,2000,20
N906AE,2005,15
N151AN,2015,5
N289AY,2013,7
N421LV,2001,19
N992DL,0,Unknown
N787SA,2000,20
N704SW,1998,22
N301NB,0,Unknown
N461WN,2004,16
N8618N,2013,7
N875DN,2017,3
N833DN,2015,5
N965UW,2008,12
N256PS,2004,16
N260AK,2016,4
N205NN,2015,5
N363DN,2018,2
N8682B,0,Unknown
N596NN,2016,4
N830DN,2014,6
N27509,2018,2
N376NW,2002,18
N927EV,2003,17
N37502,2018,2
N172AJ,2002,18
N985DL,0,Unknown
N749SW,1999,21
N452SW,2002,18
N805DN,2013,7
N923JB,2014,6
N945AT,1999,21
N8525S,2017,3
N673NK,2017,3
N76269,2001,19
N939AN,2000,20
N746YX,2017,3
N197JB,2006,14
N838NN,2010,10
N727YX,2015,5
N323RM,2018,2
N684RW,0,Unknown
N246JQ,2008,12
N131SY,2015,5
N274AY,2000,20
N779AN,1999,21
N326FR,2018,2
N8670A,2015,5
N524AE,2004,16
N69063,2002,18
N826AW,0,Unknown
N546UA,1991,29
N73406,2001,19
N873DN,2017,3
N246PS,2004,16
N8968E,2004,16
N849UA,0,Unknown
N275AK,2017,3
N683NK,2018,2
N12142,2003,17
N27421,2008,12
N804AE,2001,19
N335PQ,2014,6
N956JT,2015,5
N545GJ,2006,14
N729AN,2014,6
N822UA,0,Unknown
N39726,1999,21
N417SW,0,Unknown
N904NK,2016,4
N906DE,1992,28
N442YX,2015,5
N907BP,0,Unknown
N858AE,2003,17
N961UW,2008,12
N679SA,0,Unknown
N157AA,2016,4
N839EX,1990,30
N288SY,2018,2
N506MJ,2002,18
N316RK,2018,2
N228NN,2016,4
N322DN,2017,3
N915US,2014,6
N377DE,2014,6
N826NW,0,Unknown
N964JB,2012,8
N543GJ,2006,14
N14177,2005,15
N194SY,2017,3
N69840,2015,5
N8558Z,2017,3
N918DH,1996,24
N3767,2001,19
N166SY,2016,4
N951LR,2007,13
N908DE,1992,28
N2748U,2018,2
N365NB,2003,17
N9621A,0,Unknown
N357NB,2002,18
N287AY,2013,7
N616AE,1998,22
N503JB,1999,21
N137EV,2009,11
N598NN,2016,4
N813NN,2009,11
N594HA,0,Unknown
N879RW,2008,12
N448AS,2016,4
N812AA,2015,5
N37700,2002,18
N750UW,2000,20
N577NN,2015,5
N273NN,2019,1
N455AW,2003,17
N89317,2014,6
N108UW,1999,21
N933WN,2009,11
N76054,2000,20
N736YX,2016,4
N335DN,2018,2
N924AN,1999,21
N375JB,2013,7
N420WN,2001,19
N803DN,2013,7
N634AE,1999,21
N928AN,2000,20
N824DN,2014,6
N955UW,2008,12
N36207,2000,20
N947JB,2015,5
N750AN,2001,19
N517AS,2008,12
N603UX,2019,1
N868DN,2016,4
N180DN,1992,28
N229JB,2006,14
N559JB,2003,17
N810AE,2001,19
N342AN,2003,17
N54711,1998,22
N933DL,0,Unknown
N903XJ,2007,13
N312US,1990,30
N856NW,2004,16
N634QX,2018,2
N553WN,2002,18
N946SW,2003,17
N900DE,1992,28
N884NN,2012,8
N106HQ,2007,13
N687JS,2004,16
N293WN,2007,13
N814UA,0,Unknown
N921FJ,2004,16
N3762Y,2001,19
N187GJ,2008,12
N26123,0,Unknown
N675NK,2017,3
N216JB,2006,14
N9622A,1998,22
N428UA,1995,25
N7856A,2001,19
N361VA,2013,7
N665JB,2007,13
242NV,0,Unknown
N8503A,2016,4
N616UX,2019,1
N113AN,2014,6
N280AK,2017,3
N338NW,1992,28
N122SY,2014,6
N335EN,0,Unknown
N970SW,0,Unknown
N590UA,0,Unknown
N625JB,2005,15
N554NN,2014,6
N406WN,2001,19
N8303R,0,Unknown
N7715E,2005,15
N105UW,1999,21
N8001N,2013,7
N502NK,2005,15
N392DN,2019,1
N817DN,2014,6
333NV,0,Unknown
N906FJ,2003,17
N649QX,2019,1
N366NB,2003,17
N623JB,2005,15
N112DU,2019,1
N697NK,2010,10
N182DN,1992,28
N548NN,2014,6
N943JT,2014,6
N375DA,1998,22
N7863A,2002,18
N326MS,2007,13
N927FR,0,Unknown
N793AN,2000,20
N896SK,2006,14
N632VA,2007,13
N854VA,2012,8
N611AS,0,Unknown
N266NN,2018,2
N154GJ,0,Unknown
N424YX,2014,6
N680NK,2017,3
N76503,2006,14
N37281,2003,17
N949FR,2006,14
N527NK,0,Unknown
415NV,0,Unknown
N323NB,2001,19
N605QX,0,Unknown
N7842A,2000,20
N214NN,2015,5
N8651A,2014,6
N17159,2004,16
N247NN,2016,4
N6706Q,2000,20
N935DN,0,Unknown
N942LL,2005,15
N279AY,2009,11
N330NW,1992,28
N774SW,2000,20
N162GJ,0,Unknown
N238JB,0,Unknown
N700UW,1998,22
N14143,2003,17
N360NW,1998,22
N429UA,1995,25
N177AN,2002,18
N956UW,2008,12
N729JB,0,Unknown
N278WN,2007,13
N341PQ,2014,6
N850DN,0,Unknown
N653UA,0,Unknown
N299WN,0,Unknown
N309DE,2009,11
N748SK,2005,15
N64844,2015,5
N604NN,2019,1
N77871,2003,17
N978UY,0,Unknown
N647NK,2017,3
N3738B,2000,20
N479PX,2019,1
N35953,2015,5
N85352,2017,3
N165NN,2016,4
N11199,2006,14
N951WN,2010,10
N17146,2003,17
N30913,2014,6
N838UA,0,Unknown
N881DN,2017,3
N269NN,2019,1
N860RW,2005,15
N501MJ,2002,18
N4005X,2013,7
N533NK,2008,12
N640VA,2007,13
N558WN,2002,18
N47512,2019,1
N830AE,2002,18
N975DL,0,Unknown
253NV,0,Unknown
N401UA,1993,27
N7861J,2005,15
N47414,0,Unknown
N217NN,2015,5
N13908,2001,19
N8318F,0,Unknown
N702FR,2015,5
N426YX,2014,6
N718SW,1998,22
N919EV,2003,17
N859NW,2006,14
N230NN,2016,4
N446AW,2003,17
N935AE,2005,15
N358DN,2018,2
N8884E,2003,17
N76055,2001,19
N125DU,2019,1
N286WN,2004,16
N223UA,2001,19
N970TW,1999,21
N978AT,0,Unknown
N130HQ,2008,12
N885DN,2017,3
N68836,2014,6
N967JB,0,Unknown
N751EV,0,Unknown
N448QX,2012,8
N14107,1994,26
N926UW,2015,5
N501AE,0,Unknown
N14568,2002,18
N923DN,0,Unknown
N949AN,2000,20
N130AN,2014,6
N7820L,2002,18
N560WN,2000,20
N6714Q,2000,20
N615AE,1998,22
N848AE,2003,17
N825AA,2017,3
N88328,2015,5
N726YX,2015,5
N8570W,2018,2
N37267,2001,19
N749YX,0,Unknown
866GA,0,Unknown
N458AW,2003,17
N915NN,2013,7
N301NW,2016,4
N353JB,2012,8
N859RW,2005,15
N870DN,2017,3
N796UA,0,Unknown
N669DN,1991,29
N661UA,1993,27
N8662F,2015,5
N453WN,2004,16
N483UA,2001,19
N214HA,2018,2
N656NK,2018,2
N206JB,2006,14
N295PQ,2013,7
N903DE,1992,28
N146SY,2015,5
N980TW,0,Unknown
N8520Q,2017,3
N334NB,2002,18
N26215,1998,22
N473UA,0,Unknown
N612QX,2002,18
N640RW,2004,16
N78013,1999,21
N923FJ,2004,16
N976SW,2004,16
N728AN,2014,6
N825AW,2001,19
N903EV,2002,18
N273JB,2007,13
N8721J,2018,2
N615UX,2019,1
N840AE,2002,18
N8616C,2013,7
N505UA,0,Unknown
N636VA,2008,12
N257PS,2004,16
N505JB,2000,20
N510MJ,2003,17
N8527Q,2017,3
N772UA,1995,25
N353FR,2019,1
N968DL,1990,30
N13110,1994,26
N949DN,1997,23
N361NW,1998,22
N971SW,2004,16
N7731A,2006,14
N8519R,2017,3
N242SY,2016,4
N809NN,2009,11
N536JB,2002,18
N930NN,2013,7
N439SW,2001,19
N666UA,0,Unknown
N171DZ,1998,22
423NV,0,Unknown
N549AS,2005,15
N870AS,2001,19
N173SY,2015,5
N148SY,2015,5
N669AW,2002,18
N716UW,1999,21
N36915,2001,19
N663NK,0,Unknown
N431YX,2014,6
N742SK,2005,15
N620NK,2013,7
N711HK,1998,22
N995JL,0,Unknown
N82338,2016,4
N989AT,0,Unknown
N31131,2003,17
N575NN,2015,5
N449WN,2003,17
N659JB,2007,13
N906DA,0,Unknown
N209WN,2005,15
N934JB,2014,6
N687NK,2018,2
N16009,2019,1
N406AN,2019,1
N374HA,2014,6
N62892,2015,5
N77539,2017,3
N959JB,2015,5
N484WN,2004,16
N196DN,1997,23
N654UA,1992,28
N917NK,2019,1
N631QX,2018,2
N871UA,2003,17
N15986,2000,20
N916DL,1988,32
N843NN,2010,10
N501BG,2001,19
N37510,2019,1
N632NK,2014,6
N947AN,2000,20
N116AN,2014,6
N310DN,2016,4
N8329B,2012,8
N117AN,2014,6
N489WN,2004,16
N852NW,2004,16
N633CZ,0,Unknown
N228FR,2013,7
N996NN,0,Unknown
N876RW,0,Unknown
N504AE,0,Unknown
N433SW,2001,19
N712JB,2008,12
N637AE,1999,21
N38443,2010,10
N527JB,0,Unknown
N756US,2000,20
N8649A,2014,6
N920DE,1993,27
N840AY,2005,15
N327DN,2017,3
N7721E,2006,14
N787UA,0,Unknown
N515NK,2006,14
N806AA,2015,5
N693NK,2018,2
262NV,0,Unknown
N27246,1999,21
N25705,1998,22
N337NW,0,Unknown
N979JT,0,Unknown
N77022,2010,10
N927DZ,2019,1
N952DL,0,Unknown
N429SW,2001,19
N443AW,2003,17
N654RW,2005,15
N8693A,2016,4
N994JB,0,Unknown
N102DU,0,Unknown
N61898,2016,4
N642AE,1999,21
N641CA,2003,17
N980DL,0,Unknown
N146AA,2015,5
N947AT,1999,21
N328EN,1991,29
N709SW,1998,22
N2142U,2017,3
N13992,2000,20
N508AY,2008,12
N764SK,0,Unknown
N538CA,2008,12
N566WN,2002,18
N661JB,2007,13
N487UA,0,Unknown
N810AW,1999,21
N957WN,2011,9
N510AE,2003,17
N514NK,2006,14
N165SY,2016,4
N278AK,2017,3
N8932C,2004,16
N935AT,2000,20
N613AE,1998,22
N944SW,2003,17
N566AS,2007,13
N14204,2006,14
N7838A,2000,20
N757UW,2000,20
N481HA,0,Unknown
N200SY,2016,4
N128HQ,2008,12
N817AN,2017,3
N440AW,2003,17
N587AS,2007,13
N713FR,2016,4
N803NW,2003,17
N37287,2004,16
N814SK,0,Unknown
N491AS,2015,5
N153PQ,2007,13
N762SW,2000,20
N336EN,0,Unknown
N105HQ,2007,13
N152AA,2015,5
N223NN,2015,5
N609UX,2019,1
N6711M,2000,20
N808AE,2001,19
N27957,2015,5
N72405,2001,19
N841DN,2015,5
N9630A,1997,23
N829UA,0,Unknown
N441WN,2003,17
N951AA,2000,20
N738EV,2004,16
N840AW,2006,14
N953NN,2014,6
N552UW,2011,9
N368NB,2003,17
N633RW,2004,16
N568UW,2013,7
N668DN,1991,29
N200NV,0,Unknown
N896UA,2007,13
N415UA,1994,26
N537JT,2002,18
N411QX,0,Unknown
N587JB,2004,16
N759EV,2005,15
N488UA,0,Unknown
N851DN,2016,4
N887DN,2017,3
N402AS,2012,8
N243SY,2016,4
N343RY,2019,1
N927SW,2002,18
N445SW,2002,18
N815AA,2016,4
N807NW,2004,16
N713TW,1997,23
N953UW,2007,13
N322US,1991,29
N132AN,2015,5
N839DN,2015,5
N991AU,0,Unknown
N771XF,2003,17
N422UA,1995,25
N17104,1994,26
N302SA,2019,1
N73860,2001,19
N113SY,2014,6
N915XJ,2007,13
N8630B,2014,6
N976DL,1991,29
N651NK,2017,3
N942AT,1999,21
N830NW,2017,3
N755SK,2005,15
N947UW,2007,13
N704DK,2009,11
N66897,2016,4
N12114,1995,25
N569NN,2015,5
N227FR,2014,6
N981UY,0,Unknown
N191SY,2017,3
N767AJ,2006,14
N936EV,2005,15
N868NN,2011,9
N658UA,1993,27
N832DN,2015,5
N367NW,1999,21
N169UW,2001,19
N3737C,2000,20
N549GJ,2009,11
N162SY,2016,4
N138SY,2015,5
N705DN,2009,11
N88359,2017,3
N38473,2013,7
273NV,0,Unknown
N29907,2013,7
N18243,1999,21
N537JB,2012,8
N17115,2002,18
N430SW,2001,19
N7868K,2001,19
N545UW,2011,9
N256WN,0,Unknown
N172GJ,0,Unknown
N11106,2002,18
N848NN,2010,10
N716EV,2003,17
N6715C,2001,19
N727SK,2005,15
245NV,0,Unknown
N529EA,2010,10
240NV,0,Unknown
N8540V,2017,3
N903AA,2017,3
N12563,2002,18
N955WN,2011,9
N945UW,0,Unknown
N957SW,2003,17
N445AW,2003,17
N820DX,0,Unknown
N741UW,2000,20
N857NN,2010,10
N722AN,2013,7
N994JL,0,Unknown
N663AR,2004,16
N68805,2013,7
N124US,2000,20
N1612T,2001,19
N449SW,2002,18
N7876A,2004,16
N141SY,2015,5
N901EV,2002,18
N857AS,2000,20
N254NN,2017,3
N895DN,2018,2
N943DL,0,Unknown
N33203,2000,20
N649AW,1998,22
N539EA,2010,10
N361PH,0,Unknown
N107NN,2014,6
N990AU,0,Unknown
N656UA,1993,27
N867DA,2002,18
N33132,1998,22
N179JB,2005,15
N551NN,2014,6
N931WN,2009,11
N123HQ,2007,13
N325PQ,2014,6
N229FR,2013,7
N806NW,2004,16
N191UW,2001,19
N907DE,1992,28
N912SW,2001,19
N907DN,2018,2
N721TW,1999,21
N13750,1999,21
N301DV,0,Unknown
N536AS,2012,8
N906AA,0,Unknown
N127DU,2019,1
N38417,2008,12
N625NK,0,Unknown
N758EV,2005,15
N933AT,2000,20
N650NK,2017,3
N464AW,0,Unknown
N221NN,2015,5
N703PS,2004,16
N598UA,0,Unknown
N936DN,1996,24
N453SW,0,Unknown
N765US,2000,20
N7853B,2001,19
N419AW,2002,18
N12166,2004,16
N901AA,2017,3
N144SY,2015,5
N7879A,2005,15
N808NN,0,Unknown
N754AN,2001,19
N929LR,2005,15
N166NN,2016,4
N11539,2001,19
N864RW,2006,14
N665DN,1991,29
N951UW,2007,13
N206PS,2003,17
N336DX,2018,2
N729YX,2015,5
N647UA,1992,28
N590NW,2003,17
N567NN,2015,5
N816SK,2006,14
N740EV,2004,16
N360PH,1998,22
N275NN,2019,1
N395DN,2000,20
N698NK,2010,10
N905J,2003,17
N843VA,2011,9
N723FR,2018,2
N8710M,2017,3
N8512U,2016,4
N647AE,2000,20
N982SW,0,Unknown
N122NN,2014,6
N540EA,0,Unknown
N8669B,2015,5
N741EV,2004,16
N8694A,2002,18
N150UW,2013,7
N7548A,0,Unknown
N282VA,2015,5
N676AE,2004,16
N988NN,0,Unknown
N369NB,2003,17
N232NN,2016,4
N225AG,0,Unknown
306NV,0,Unknown
N618JB,2005,15
N922VA,2017,3
N175DN,1990,30
N926XJ,2008,12
N804JB,2012,8
N260NN,2017,3
N491UA,0,Unknown
N650AE,2001,19
N170PQ,2008,12
N36447,2012,8
N952WN,2010,10
N405WN,2001,19
N57863,2001,19
N296SY,2019,1
N337DN,2018,2
N7710A,2005,15
N568JB,2003,17
N424AA,0,Unknown
N296AK,2018,2
N981AT,2002,18
N277WN,2007,13
N900UW,2017,3
N950NN,2014,6
N815NN,2009,11
N703DN,2009,11
N286SY,2018,2
N522LR,2006,14
N1604R,1999,21
N581UW,2014,6
N8612K,0,Unknown
N86534,2016,4
N751YX,2017,3
N695CA,2006,14
N309FR,0,Unknown
N8717M,2018,2
N908WN,2008,12
N346JB,2011,9
N946AN,2000,20
N828JB,2013,7
N29971,2017,3
N321US,1991,29
N505NK,2005,15
N3740C,2000,20
N322NB,2001,19
N655JB,2007,13
N307JB,2009,11
N848DN,2015,5
N713UW,1999,21
N690AE,2004,16
N308FR,2017,3
N206WN,2005,15
N616CZ,0,Unknown
N965DN,0,Unknown
N297AK,2019,1
N963AN,2001,19
N37298,2005,15
N926FR,0,Unknown
N3742C,2001,19
N7811F,0,Unknown
N578UW,2014,6
410NV,0,Unknown
N284JN,2019,1
N412AW,2001,19
N824AW,2001,19
N556JB,2002,18
N819NW,0,Unknown
N820DN,2014,6
N342PM,2017,3
N971DL,0,Unknown
N894DN,2018,2
N250PS,2004,16
N311PQ,2014,6
N609AS,1999,21
N603QX,0,Unknown
N19130,1998,22
N222UA,2001,19
N85340,2016,4
N291AY,2014,6
244NV,0,Unknown
N617QX,2003,17
N716SW,1998,22
N8610A,2013,7
N8602F,0,Unknown
N823NN,2010,10
N918DE,1993,27
N513AS,2008,12
N303DN,0,Unknown
N367CA,2002,18
N352PS,2017,3
N7857B,2005,15
N434WN,2003,17
N853AE,2003,17
N657NK,2015,5
N517JB,2000,20
N820NN,2009,11
N266WN,2007,13
N73259,2001,19
N779SK,2009,11
N452WN,2004,16
N890UA,2006,14
N507DN,2018,2
N733AR,2015,5
N773AN,1999,21
N709PS,2004,16
N882AS,2001,19
N839HK,2004,16
N8614M,2013,7
N611AE,1998,22
N564WN,0,Unknown
N68817,2014,6
N251NN,2017,3
N582NN,2015,5
N823AE,2002,18
N906NK,0,Unknown
N216PS,0,Unknown
N959AN,2001,19
N428YX,2014,6
N784UA,0,Unknown
N795SK,2010,10
N709SK,2004,16
N88310,2014,6
N7852A,2006,14
N189AN,2001,19
N68452,2012,8
N7742B,2007,13
N160GJ,0,Unknown
N183AN,1999,21
N78448,2012,8
N349NB,2002,18
N133SY,2015,5
N319PQ,2014,6
N14198,2006,14
N337NB,2002,18
N386DA,1999,21
N8605E,2012,8
N519LR,2006,14
N589JB,2004,16
N259PS,2004,16
N939WN,2009,11
N637JB,2006,14
N229WN,2006,14
N921NN,2013,7
N872NN,2011,9
N963AT,2001,19
N882DN,2017,3
N407YX,2013,7
N931AM,2017,3
N521NK,2006,14
N8836A,2003,17
N956AN,2001,19
417NV,0,Unknown
N135EV,2009,11
N12116,1996,24
N744SK,2005,15
N852AE,2003,17
N604AW,2000,20
N317JB,2010,10
N413YX,2013,7
N8645A,2014,6
N66841,2015,5
N318AS,2003,17
N447WN,2003,17
N188AN,2001,19
N313DN,2016,4
N519UW,2009,11
N657AW,1999,21
N867NN,2011,9
N157SY,2016,4
N340NB,2002,18
N674NK,2017,3
N643AE,1999,21
N906DN,2018,2
N411YX,2013,7
N810NN,2009,11
N770SK,2006,14
N972AT,2001,19
N165GJ,0,Unknown
N9619V,1997,23
N618AS,2000,20
N504GJ,2002,18
N253SY,2016,4
N33289,2004,16
N8698B,2016,4
N8704Q,2016,4
N7730A,2006,14
N997AA,0,Unknown
N821NW,2007,13
N776SK,2006,14
N809NW,2005,15
N1602,1999,21
N447AW,2003,17
N8508W,2016,4
N916XJ,2008,12
N143AN,2015,5
N86309,2014,6
N289CT,2007,13
N506AS,2008,12
N851NW,2004,16
N834AE,2002,18
N648NK,2017,3
N108DQ,0,Unknown
N583UW,2014,6
N7729A,2006,14
N542UW,2009,11
N711UW,1999,21
N516LR,2006,14
309NV,0,Unknown
N910DL,0,Unknown
N937AN,2000,20
N87507,0,Unknown
N417QX,0,Unknown
N901AN,1999,21
N15712,1998,22
N815UA,0,Unknown
N24715,1998,22
N766SK,2005,15
N900DU,2018,2
N434AW,1999,21
N717SA,1998,22
N624CZ,0,Unknown
N993AT,2002,18
N907XJ,2007,13
N628NK,2014,6
N781CA,0,Unknown
N162UW,0,Unknown
N174DN,1990,30
N801AY,2004,16
N986SW,0,Unknown
N632CZ,0,Unknown
N546GJ,2008,12
N114UW,1999,21
N329FR,2018,2
N606CZ,0,Unknown
N17105,1994,26
N14834,0,Unknown
N304PQ,2014,6
N408AS,2012,8
N331DN,2017,3
N371NW,2001,19
N33286,2004,16
N554UW,2011,9
N227WN,2005,15
N668UA,0,Unknown
N329MS,2007,13
N530EA,2010,10
N531JL,0,Unknown
N923AT,2005,15
N927VA,2018,2
N731SA,1999,21
N56859,2004,16
N926WN,0,Unknown
N885NN,2012,8
220NV,0,Unknown
254NV,0,Unknown
N727TW,1999,21
N14162,2004,16
N945DN,1998,22
N8734Q,2019,1
N638QX,2018,2
N9011P,2013,7
N864AS,2001,19
N862DN,2016,4
N840NN,2010,10
N3771K,2002,18
N405AW,1999,21
N61887,2015,5
N918SW,0,Unknown
N200WN,2005,15
N137AA,2015,5
N870NN,2011,9
N951SW,2003,17
N566NN,2015,5
N8671D,2015,5
304NV,0,Unknown
N456ZW,2003,17
N8673F,2015,5
N196SY,2018,2
N128SY,2014,6
N922EV,2003,17
N7712G,2005,15
303NV,0,Unknown
N269SY,2018,2
N448SW,2002,18
N623AE,1999,21
N35260,0,Unknown
N8531Q,2017,3
N200UU,1995,25
N399AN,0,Unknown
N786SW,2000,20
429NV,0,Unknown
N757LV,1999,21
N964JT,2016,4
N79521,2010,10
N737US,2000,20
N702UW,1998,22
N606UX,2019,1
N796JB,2012,8
N769US,2000,20
N824AN,2017,3
N921XJ,2008,12
N276NN,2019,1
N215UA,0,Unknown
N378DA,1999,21
N795SW,2001,19
N127AA,2014,6
N8526W,2017,3
N445YX,2015,5
N655UA,1992,28
N77430,0,Unknown
N15969,2017,3
N960WN,2011,9
N110SY,2014,6
N751SW,0,Unknown
N976NN,2015,5
N202UW,0,Unknown
N167GJ,0,Unknown
N224AK,2016,4
N211UA,0,Unknown
N724EV,2004,16
N750SA,1999,21
N14704,1998,22
N657AE,2003,17
N760AN,2002,18
252NV,0,Unknown
N464WN,2004,16
N129AA,2014,6
N821AN,2016,4
N592NW,2003,17
N447QX,2011,9
N552NN,2014,6
N213UA,0,Unknown
N76508,2008,12
N203FR,0,Unknown
864GA,0,Unknown
N8581Z,2018,2
N806JB,2012,8
N549US,1996,24
N440UA,0,Unknown
N980JB,0,Unknown
N283VA,2015,5
N339DN,2018,2
N982JB,0,Unknown
N905DA,1995,25
N37427,2008,12
N792SK,2009,11
N9616G,1997,23
N87513,2008,12
N8624J,2014,6
N242JQ,2008,12
N720PS,2004,16
N933XJ,2008,12
N471CA,2002,18
N244PS,2004,16
N496WN,2004,16
N980NN,0,Unknown
N536UW,2009,11
226NV,0,Unknown
N620QX,2017,3
N913US,2014,6
N642CA,0,Unknown
N927DA,0,Unknown
N410QX,0,Unknown
N915FJ,0,Unknown
N631RW,2004,16
N8583Z,2018,2
N244SY,2016,4
N646QX,2018,2
N850UA,0,Unknown
N278NN,2019,1
N866DA,1999,21
N940DN,0,Unknown
N436YX,2014,6
N314RH,0,Unknown
N754SK,2005,15
N474AS,2015,5
N471ZW,2000,20
N26906,2012,8
N205UW,2000,20
N923AE,2005,15
N584JB,2004,16
N946JL,2015,5
N600QX,0,Unknown
N933AM,2017,3
N23708,1998,22
N426WN,2002,18
N427SW,2001,19
N731AN,2014,6
N11194,0,Unknown
N712SW,1998,22
N837AE,2002,18
N242NN,2016,4
N121SY,2014,6
N907DA,0,Unknown
N633QX,2018,2
N415WN,2001,19
N381DN,1999,21
N478UA,0,Unknown
N411WN,2001,19
N576NN,2015,5
N708PS,2004,16
N384HA,2011,9
N818DA,0,Unknown
N840UA,0,Unknown
N834AW,0,Unknown
N771UA,0,Unknown
N789SW,2000,20
N123NN,2014,6
N858NN,2010,10
N963TW,1999,21
N926DZ,2019,1
N369CA,0,Unknown
N805AE,2001,19
N8660A,2015,5
N184JB,2005,15
N208SY,2017,3
N843MH,2002,18
N509NK,0,Unknown
N384DA,1999,21
N457AW,2003,17
N618AE,1998,22
N707SK,1999,21
N17108,2002,18
N956WN,2011,9
N641JB,2006,14
N587NN,2016,4
N303DQ,0,Unknown
N1608,2000,20
234NV,0,Unknown
N758SK,2005,15
N883DN,2017,3
N305DQ,2008,12
N427UA,1995,25
N420AW,2002,18
N451UA,0,Unknown
N108NN,2014,6
N901NK,2016,4
N8688J,2016,4
N8638A,2014,6
N837MH,2000,20
N929VA,2019,1
N468AW,0,Unknown
N373NW,2001,19
N594NN,2016,4
N123UW,2000,20
N825AE,2002,18
N536EA,2010,10
N200NN,2015,5
N7740A,2007,13
N386DN,2019,1
N183SY,2016,4
N643NK,2015,5
N142AN,2015,5
N157UW,2013,7
N77535,2016,4
N602LR,2008,12
N344NW,1992,28
N952AT,2000,20
N637VA,2008,12
N67134,1999,21
N989DN,0,Unknown
N329DN,2017,3
